http://a9.com/-/spec/opensearch/1.1/,opensearch,schema
http://ab.dbpedia.org/property/,ab.dbp,schema
http://ab.dbpedia.org/resource/,ab.dbr,data
http://abs.270a.info/dataset/,abs,schema
http://ace.dbpedia.org/property/,ace.dbp,schema
http://ace.dbpedia.org/resource/,ace.dbr,data
http://advene.org/ns/cinelab/,cl,schema
http://aers.data2semantics.org/resource/,aers,schema
http://aers.data2semantics.org/vocab/,aersv,schema
http://af.dbpedia.org/property/,af.dbp,schema
http://af.dbpedia.org/resource/,af.dbr,data
http://agrinepaldata.com/,agrd,schema
http://agrinepaldata.com/vocab/,agro,schema
http://aims.fao.org/aos/agrovoc/,asgv,schema
http://aims.fao.org/aos/common/,aims,schema
http://aims.fao.org/aos/geopolitical.owl#,geop,schema
http://aims.fao.org/aos/jita/,jita,schema
http://akonadi-project.org/ontologies/aneo#,aneo,schema
http://als.dbpedia.org/property/,als.dbp,schema
http://als.dbpedia.org/resource/,als.dbr,data
http://am.dbpedia.org/property/,am.dbp,schema
http://am.dbpedia.org/resource/,am.dbr,data
http://an.dbpedia.org/property/,an.dbp,schema
http://an.dbpedia.org/resource/,an.dbr,data
http://ang.dbpedia.org/property/,ang.dbp,schema
http://ang.dbpedia.org/resource/,ang.dbr,data
http://annotation.semanticweb.org/2004/iswc#,iswc,schema
http://ar.dbpedia.org/property/,ar.dbp,schema
http://ar.dbpedia.org/resource/,ar.dbr,data
http://arc.dbpedia.org/property/,arc.dbp,schema
http://arc.dbpedia.org/resource/,arc.dbr,data
http://archdesc.info/archEvent#,archdesc,schema
http://art.uniroma2.it/ontologies/lime#,lime,schema
http://arz.dbpedia.org/property/,arz.dbp,schema
http://arz.dbpedia.org/resource/,arz.dbr,data
http://as.dbpedia.org/property/,as.dbp,schema
http://as.dbpedia.org/resource/,as.dbr,data
http://ast.dbpedia.org/property/,ast.dbp,schema
http://ast.dbpedia.org/resource/,ast.dbr,data
http://atomowl.org/ontologies/atomrdf#,atomrdf,schema
http://av.dbpedia.org/property/,av.dbp,schema
http://av.dbpedia.org/resource/,av.dbr,data
http://ay.dbpedia.org/property/,ay.dbp,schema
http://ay.dbpedia.org/resource/,ay.dbr,data
http://az.dbpedia.org/property/,az.dbp,schema
http://az.dbpedia.org/resource/,az.dbr,data
http://ba.dbpedia.org/property/,ba.dbp,schema
http://ba.dbpedia.org/resource/,ba.dbr,data
http://babelnet.org/2.0/,babelnet,schema
http://bar.dbpedia.org/property/,bar.dbp,schema
http://bar.dbpedia.org/resource/,bar.dbr,data
http://bat-smg.dbpedia.org/property/,bat-smg.dbp,schema
http://bat-smg.dbpedia.org/resource/,bat-smg.dbr,data
http://bat_smg.dbpedia.org/property/,bat_smg.dbp,schema
http://bat_smg.dbpedia.org/resource/,bat_smg.dbr,data
http://bblfish.net/work/atom-owl/2006-06-06/#,atomowl,schema
http://bblfish.net/work/atom-owl/2006-06-06/#,awol,schema
http://bcl.dbpedia.org/property/,bcl.dbp,schema
http://bcl.dbpedia.org/resource/,bcl.dbr,data
http://bcl_smg.dbpedia.org/property/,bcl_smg.dbp,schema
http://bcl_smg.dbpedia.org/resource/,bcl_smg.dbr,data
http://be-x-old.dbpedia.org/property/,be-x-old.dbp,schema
http://be-x-old.dbpedia.org/resource/,be-x-old.dbr,data
http://be.dbpedia.org/property/,be.dbp,schema
http://be.dbpedia.org/resource/,be.dbr,data
http://be_x_old.dbpedia.org/property/,be_x_old.dbp,schema
http://be_x_old.dbpedia.org/resource/,be_x_old.dbr,data
http://bg.dbpedia.org/property/,bg.dbp,schema
http://bg.dbpedia.org/resource/,bg.dbr,data
http://bi.dbpedia.org/property/,bi.dbp,schema
http://bi.dbpedia.org/resource/,bi.dbr,data
http://bibframe.org/vocab/,bf,schema
http://bibframe.org/vocab/,bibframe,schema
http://bibliograph.net/schemas/,bgn,schema
http://bihap.kb.gov.tr/ontology/,bihap,schema
http://bing.com/schema/media/,bing,schema
http://bio2rdf.org/,bio2rdf,schema
http://bio2rdf.org/,bm,schema
http://bio2rdf.org/affymetrix_vocabulary:,affymetrix,schema
http://bio2rdf.org/chebi:,chebi,schema
http://bio2rdf.org/core#,biocore,schema
http://bio2rdf.org/hgnc:,hgnc,schema
http://bio2rdf.org/ns/kegg#,kegg,schema
http://bio2rdf.org/ns/ns/ns/pubchem#,b2rpubchem,schema
http://bio2rdf.org/pubmed_vocabulary:,pubmed,schema
http://bioinformatics.ua.pt/coeus/,coeus,schema
http://bis.270a.info/dataset/,bis,schema
http://bjn.dbpedia.org/property/,bjn.dbp,schema
http://bjn.dbpedia.org/resource/,bjn.dbr,data
http://blogs.yandex.ru/schema/foaf/,ya,schema
http://bm.dbpedia.org/property/,bm.dbp,schema
http://bm.dbpedia.org/resource/,bm.dbr,data
http://bn.dbpedia.org/property/,bn.dbp,schema
http://bn.dbpedia.org/resource/,bn.dbr,data
http://bo.dbpedia.org/property/,bo.dbp,schema
http://bo.dbpedia.org/resource/,bo.dbr,data
http://bpy.dbpedia.org/property/,bpy.dbp,schema
http://bpy.dbpedia.org/resource/,bpy.dbr,data
http://br.dbpedia.org/property/,br.dbp,schema
http://br.dbpedia.org/resource/,br.dbr,data
http://bs.dbpedia.org/property/,bs.dbp,schema
http://bs.dbpedia.org/resource/,bs.dbr,data
http://buzzword.org.uk/rdf/atomix#,atomix,schema
http://buzzword.org.uk/rdf/h5#,h5,schema
http://buzzword.org.uk/rdf/personal-link-types#,plink,schema
http://buzzword.org.uk/rdf/vcardx#,vcardx,schema
http://buzzword.org.uk/rdf/xen#,xen,schema
http://buzzword.org.uk/rdf/xhtml-elements#,xhe,schema
http://bxr.dbpedia.org/property/,bxr.dbp,schema
http://bxr.dbpedia.org/resource/,bxr.dbr,data
http://ca.dbpedia.org/property/,ca.dbp,schema
http://ca.dbpedia.org/resource/,ca.dbr,data
http://callimachusproject.org/rdf/2009/framework#,calli,schema
http://catalogus-professorum.org/cpm/,cpm,schema
http://cbasewrap.ontologycentral.com/vocab#,cb,schema
http://cdo.dbpedia.org/property/,cdo.dbp,schema
http://cdo.dbpedia.org/resource/,cdo.dbr,data
http://ce.dbpedia.org/property/,ce.dbp,schema
http://ce.dbpedia.org/resource/,ce.dbr,data
http://ceb.dbpedia.org/property/,ceb.dbp,schema
http://ceb.dbpedia.org/resource/,ceb.dbr,data
http://chem.deri.ie/granatum/,granatum,schema
http://chr.dbpedia.org/property/,chr.dbp,schema
http://chr.dbpedia.org/resource/,chr.dbr,data
http://chy.dbpedia.org/property/,chy.dbp,schema
http://chy.dbpedia.org/resource/,chy.dbr,data
http://ckb.dbpedia.org/property/,ckb.dbp,schema
http://ckb.dbpedia.org/resource/,ckb.dbr,data
http://clarin.eu/cmd#,cmd,schema
http://clarin.eu/fcs/resource#,fcs,schema
http://climb.dataincubator.org/vocabs/climb/,climb,schema
http://co.dbpedia.org/property/,co.dbp,schema
http://co.dbpedia.org/resource/,co.dbr,data
http://code-research.eu/ontology/visual-analytics#,va,schema
http://collection.britishmuseum.org/id/ontology/,bmo,schema
http://commons.dbpedia.org/property/,commons.dbp,schema
http://commons.dbpedia.org/resource/,commons.dbr,data
http://commons.psi.enakting.org/def/,commons,schema
http://commontag.org/ns#,ctag,schema
http://conserv.deri.ie/ontology#,conserv,schema
http://contextus.net/ontology/ontomedia/ext/common/trait#,trait,schema
http://contsem.unizar.es/def/sector-publico/contratacion#,contsem,schema
http://contsem.unizar.es/def/sector-publico/pproc#,pproc,schema
http://courseware.rkbexplorer.com/ontologies/courseware#,courseware,schema
http://cr.dbpedia.org/property/,cr.dbp,schema
http://cr.dbpedia.org/resource/,cr.dbr,data
http://creativecommons.org/ns#,cc,schema
http://crh.dbpedia.org/property/,crh.dbp,schema
http://crh.dbpedia.org/resource/,crh.dbr,data
http://cs.dbpedia.org/property/,cs.dbp,schema
http://cs.dbpedia.org/resource/,cs.dbr,data
http://csb.dbpedia.org/property/,csb.dbp,schema
http://csb.dbpedia.org/resource/,csb.dbr,data
http://cy.dbpedia.org/property/,cy.dbp,schema
http://cy.dbpedia.org/resource/,cy.dbr,data
http://d-nb.info/gnd/,dnb,schema
http://d-nb.info/standards/elementset/agrelon#,agrelon,schema
http://d-nb.info/standards/elementset/gnd#,gnd,schema
http://d2rq.org/terms/jdbc/,jdbc,schema
http://da.dbpedia.org/property/,da.dbp,schema
http://da.dbpedia.org/resource/,da.dbr,data
http://data-gov.tw.rpi.edu/2009/data-gov-twc.rdf#,dgtwc,schema
http://data.archiveshub.ac.uk/def/,locah,schema
http://data.bl.uk/schema/bibliographic#,blt,schema
http://data.eurecom.fr/ontology/dvia#,dvia,schema
http://data.eurecom.fr/ontology/reve#,reve,schema
http://data.globalchange.gov/gcis.owl#,gcis,schema
http://data.ign.fr/def/ignf#,ignf,schema
http://data.ign.fr/def/topo#,topo,schema
http://data.ign.fr/ontologies/geofla#,geofla,schema
http://data.kasabi.com/dataset/eumida/terms/,eumida,schema
http://data.kasabi.com/dataset/italy/schema/,italy,schema
http://data.linkedct.org/resource/linkedct/,ct,schema
http://data.linkedct.org/vocab/,linkedct,schema
http://data.linkedct.org/vocab/resource/,lctr,schema
http://data.linkedmdb.org/resource/movie/,movie,schema
http://data.linkedmdb.org/sparql/,linkedmdb,schema
http://data.lirmm.fr/ontologies/laposte#,laposte,schema
http://data.lirmm.fr/ontologies/oan/,oan,schema
http://data.lirmm.fr/ontologies/osp#,osp,schema
http://data.lirmm.fr/ontologies/passim#,passim,schema
http://data.lirmm.fr/ontologies/poste#,poste,schema
http://data.lirmm.fr/ontologies/vdpp#,vdpp,schema
http://data.nytimes.com/,nyt,schema
http://data.nytimes.com/elements/,nytimes,schema
http://data.ordnancesurvey.co.uk/id/,osgb,schema
http://data.ordnancesurvey.co.uk/id/postcodeunit/,postcode,schema
http://data.ordnancesurvey.co.uk/ontology/50kGazetteer/,gazetteer,schema
http://data.ordnancesurvey.co.uk/ontology/admingeo/,admingeo,schema
http://data.ordnancesurvey.co.uk/ontology/admingeo/,osadm,schema
http://data.ordnancesurvey.co.uk/ontology/geometry/,osgeom,schema
http://data.ordnancesurvey.co.uk/ontology/postcode/,ospost,schema
http://data.ordnancesurvey.co.uk/ontology/spatialrelations/,osspr,schema
http://data.ordnancesurvey.co.uk/ontology/spatialrelations/,spacerel,schema
http://data.posccaesar.org/ilap/,ilap,schema
http://data.posccaesar.org/rdl/,rdl,schema
http://data.press.net/ontology/asset/,pna,schema
http://data.press.net/ontology/classification/,pnc,schema
http://data.press.net/ontology/event/,pne,schema
http://data.press.net/ontology/identifier/,pni,schema
http://data.press.net/ontology/stuff/,pns,schema
http://data.press.net/ontology/tag/,pnt,schema
http://data.scientology.org/ns/,sci,schema
http://data.semanticweb.org/conference/ekaw/2012/complete/,ekaw,schema
http://data.semanticweb.org/ns/swc/ontology#,swc,schema
http://data.semanticweb.org/person/,swperson,schema
http://data.totl.net/game/,game,schema
http://data.totl.net/occult/,occult,schema
http://data.totl.net/kabbalah/,kaballah,schema
http://data.totl.net/tarot/card/,tarot,schema
http://databugger.aksw.org/ns/core#,tddo,schema
http://dati.camera.it/ocd/,ocd,schema
http://dati.senato.it/osr/,osr,schema
http://datos.bcn.cl/ontologies/bcn-biographies#,bcnbio,schema
http://datos.bcn.cl/ontologies/bcn-congress#,bcncon,schema
http://datos.bcn.cl/ontologies/bcn-geographics#,bcngeo,schema
http://datos.bcn.cl/ontologies/bcn-norms#,bcnnorms,schema
http://datos.bne.es/resource/,bne,schema
http://datos.localidata.com/def/City#,city,schema
http://dayta.me/resource#,dayta,schema
http://dblp.l3s.de/d2r/page/authors/,dblp,schema
http://dbpedia.org/,db,schema
http://dbpedia.org/class/yago/,dbyago,schema
http://dbpedia.org/datatype/,dt,schema
http://dbpedia.org/ontology/,dbo,schema
http://dbpedia.org/ontology/Stream/,stream,schema
http://dbpedia.org/property/,dbp,schema
http://dbpedia.org/resource/,dbr,schema
http://dbpedia.org/resource/Category:,dbc,schema
http://dbpedia.org/resource/Template:,dbt,schema
http://dbpedialite.org/things/,dpl,schema
http://dbtropes.org/ont/,dbtont,schema
http://dbtune.org/musicbrainz/resource/instrument/,mb,schema
http://dcm.com/,dcm,schema
http://de.dbpedia.org/property/,de.dbp,schema
http://de.dbpedia.org/resource/,de.dbr,data
http://deductions-software.com/ontologies/doas.owl.ttl#,doas,schema
http://deductions-software.com/ontologies/forms.owl.ttl#,form,schema
http://deductions.sf.net/ontology/knowledge_base.owl#,kb,schema
http://def.esd.org.uk/,esd,schema
http://def.seegrid.csiro.au/isotc211/iso19103/2005/basic#,basic,schema
http://def.seegrid.csiro.au/isotc211/iso19107/2003/geometry#,gm,schema
http://def.seegrid.csiro.au/isotc211/iso19108/2002/temporal#,tm,schema
http://def.seegrid.csiro.au/isotc211/iso19109/2005/feature#,gf,schema
http://def.seegrid.csiro.au/isotc211/iso19115/2003/dataquality#,dq,schema
http://def.seegrid.csiro.au/isotc211/iso19115/2003/extent#,ext,schema
http://def.seegrid.csiro.au/isotc211/iso19115/2003/lineage#,li,schema
http://def.seegrid.csiro.au/isotc211/iso19150/-2/2012/basic#,h2o,schema
http://def.seegrid.csiro.au/isotc211/iso19156/2011/sampling#,sam,schema
http://demiblog.org/vocab/oauth#,oauth,schema
http://dev.w3.org/cvsweb/2000/quacken/vocab#,quak,schema
http://dig.csail.mit.edu/TAMI/2007/amord/air#,air,schema
http://diplomski.nelakolundzija.org/LTontology.rdf#,lt,schema
http://diq.dbpedia.org/property/,diq.dbp,schema
http://diq.dbpedia.org/resource/,diq.dbr,data
http://doc.metalex.eu/bwb/ontology/,bwb,schema
http://doc.metalex.eu/id/,mds,schema
http://dsnotify.org/vocab/eventset/0.1/,evset,schema
http://dublincore.org/2000/03/13/eor#,eor,schema
http://dv.dbpedia.org/property/,dv.dbp,schema
http://dv.dbpedia.org/resource/,dv.dbr,data
http://dx.deepcarbon.net/,dcoid,schema
http://eatld.et.tu-dresden.de/rmo#,rmo,schema
http://ecb.270a.info/class/1.0/,ecb,schema
http://ecoinformatics.org/oboe/oboe.1.0/oboe-core.owl#,oboe,schema
http://edgarwrap.ontologycentral.com/vocab/edgar#,edgar,schema
http://ee.dbpedia.org/property/,ee.dbp,schema
http://ee.dbpedia.org/resource/,ee.dbr,data
http://el.dbpedia.org/property/,el.dbp,schema
http://el.dbpedia.org/resource/,el.dbr,data
http://elite.polito.it/ontologies/dogont.owl#,dogont,schema
http://en.wikipedia.org/wiki/,wiki,schema
http://environment.data.gov.au/def/op#,op,schema
http://eo.dbpedia.org/property/,eo.dbp,schema
http://eo.dbpedia.org/resource/,eo.dbr,data
http://eprints.org/ontology/,ep,schema
http://eprints.org/ontology/,eprints,schema
http://erlangen-crm.org/current/,cidoc,schema
http://erlangen-crm.org/current/,ecrm,schema
http://es.dbpedia.org/property/,es.dbp,schema
http://es.dbpedia.org/resource/,es.dbr,data
http://escience.rpi.edu/ontology/semanteco/2/0/pollution.owl#,pol,schema
http://escience.rpi.edu/ontology/semanteco/2/0/water.owl#,water,schema
http://escience.rpi.edu/ontology/sesf/s2s/4/0/,s2s,schema
http://escience.rpi.edu/ontology/vsto/2/0/vsto.owl#,vsto,schema
http://et.dbpedia.org/property/,et.dbp,schema
http://et.dbpedia.org/resource/,et.dbr,data
http://eu.dbpedia.org/property/,eu.dbp,schema
http://eu.dbpedia.org/resource/,eu.dbr,data
http://eulergui.sourceforge.net/contacts.owl.n3#,ec,schema
http://eulergui.sourceforge.net/engine.owl#,eg,schema
http://eulersharp.sourceforge.net/2003/03swap/agent#,agent,schema
http://eulersharp.sourceforge.net/2003/03swap/agent#,agents,schema
http://eulersharp.sourceforge.net/2003/03swap/bioSKOSSchemes#,bioskos,schema
http://eulersharp.sourceforge.net/2003/03swap/care#,care,schema
http://eulersharp.sourceforge.net/2003/03swap/countries#,countries,schema
http://eulersharp.sourceforge.net/2003/03swap/environment#,environ,schema
http://eulersharp.sourceforge.net/2003/03swap/event#,events,schema
http://eulersharp.sourceforge.net/2003/03swap/fl-rules#,fl,schema
http://eulersharp.sourceforge.net/2003/03swap/genomeAbnormality#,genab,schema
http://eulersharp.sourceforge.net/2003/03swap/human#,human,schema
http://eulersharp.sourceforge.net/2003/03swap/humanBody#,humanbody,schema
http://eulersharp.sourceforge.net/2003/03swap/languages#,languages,schema
http://eulersharp.sourceforge.net/2003/03swap/log-rules#,elog,schema
http://eulersharp.sourceforge.net/2003/03swap/log-rules#,es,schema
http://eulersharp.sourceforge.net/2003/03swap/log-rules#,eu,schema
http://eulersharp.sourceforge.net/2003/03swap/organism#,organism,schema
http://eulersharp.sourceforge.net/2003/03swap/organization#,organiz,schema
http://eulersharp.sourceforge.net/2003/03swap/prolog#,prolog,schema
http://eulersharp.sourceforge.net/2003/03swap/quantitiesExtension#,quantities,schema
http://eulersharp.sourceforge.net/2003/03swap/unitsExtension#,units,schema
http://eulersharp.sourceforge.net/2006/02swap/fcm#,fcm,schema
http://eunis.eea.europa.eu/rdf/species-schema.rdf#,eunis,schema
http://eur-lex.publicdata.eu/ontology/,eurlex,schema
http://eventography.org/sede/0.1/,sede,schema
http://example.org/name#,name,schema
http://explain.z3950.org/dtd/2.0/,zr,schema
http://ext.dbpedia.org/property/,ext.dbp,schema
http://ext.dbpedia.org/resource/,ext.dbr,data
http://fa.dbpedia.org/property/,fa.dbp,schema
http://fa.dbpedia.org/resource/,fa.dbr,data
http://fao.270a.info/dataset/,fao,schema
http://fi.dbpedia.org/property/,fi.dbp,schema
http://fi.dbpedia.org/resource/,fi.dbr,data
http://fise.iks-project.eu/ontology/,fise,schema
http://fiu.dbpedia.org/property/,fiu.dbp,schema
http://fiu.dbpedia.org/resource/,fiu.dbr,data
http://fiu_vro.dbpedia.org/property/,fiu_vro.dbp,schema
http://fiu_vro.dbpedia.org/resource/,fiu_vro.dbr,data
http://fj.dbpedia.org/property/,fj.dbp,schema
http://fj.dbpedia.org/resource/,fj.dbr,data
http://fliqz.com/,urn,schema
http://fo.dbpedia.org/property/,fo.dbp,schema
http://fo.dbpedia.org/resource/,fo.dbr,data
http://foaf.qdos.com/lastfm/schema/,qdoslf,schema
http://foodable.co/ns/,fd,schema
http://fr.dbpedia.org/property/,fr.dbp,schema
http://fr.dbpedia.org/resource/,fr.dbr,data
http://frb.270a.info/dataset/,frb,schema
http://freedesktop.org/standards/xesam/1.0/core#,xesam,schema
http://frp.dbpedia.org/property/,frp.dbp,schema
http://frp.dbpedia.org/resource/,frp.dbr,data
http://frr.dbpedia.org/property/,frr.dbp,schema
http://frr.dbpedia.org/resource/,frr.dbr,data
http://futurios.org/fos/spec/,fos,schema
http://fy.dbpedia.org/property/,fy.dbp,schema
http://fy.dbpedia.org/resource/,fy.dbr,data
http://ga.dbpedia.org/property/,ga.dbp,schema
http://ga.dbpedia.org/resource/,ga.dbr,data
http://gadm.geovocab.org/ontology#,gadm,schema
http://gan.dbpedia.org/property/,gan.dbp,schema
http://gan.dbpedia.org/resource/,gan.dbr,data
http://gawd.atlantides.org/terms/,gawd,schema
http://gd.dbpedia.org/property/,gd.dbp,schema
http://gd.dbpedia.org/resource/,gd.dbr,data
http://geni-orca.renci.org/owl/topology.owl#,orca,schema
http://genomequest.com/,gq,schema
http://geo.linkeddata.es/ontology/,geoes,schema
http://geovocab.org/,geovocab,schema
http://geovocab.org/geometry#,geom,schema
http://geovocab.org/geometry#,ngeo,schema
http://geovocab.org/spatial#,spatial,schema
http://gl.dbpedia.org/property/,gl.dbp,schema
http://gl.dbpedia.org/resource/,gl.dbr,data
http://gn.dbpedia.org/property/,gn.dbp,schema
http://gn.dbpedia.org/resource/,gn.dbr,data
http://got.dbpedia.org/property/,got.dbp,schema
http://got.dbpedia.org/resource/,got.dbr,data
http://govwild.org/0.6/GWOntology.rdf/,govwild,schema
http://groundedannotationframework.org/,gaf,schema
http://gu.dbpedia.org/property/,gu.dbp,schema
http://gu.dbpedia.org/resource/,gu.dbr,data
http://gv.dbpedia.org/property/,gv.dbp,schema
http://gv.dbpedia.org/resource/,gv.dbr,data
http://ha.dbpedia.org/property/,ha.dbp,schema
http://ha.dbpedia.org/resource/,ha.dbr,data
http://hak.dbpedia.org/property/,hak.dbp,schema
http://hak.dbpedia.org/resource/,hak.dbr,data
http://harrisons.cc/,harrisons,schema
http://he.dbpedia.org/property/,he.dbp,schema
http://he.dbpedia.org/resource/,he.dbr,data
http://hello.com/,dummy,schema
http://hi.dbpedia.org/property/,hi.dbp,schema
http://hi.dbpedia.org/resource/,hi.dbr,data
http://hif.dbpedia.org/property/,hif.dbp,schema
http://hif.dbpedia.org/resource/,hif.dbr,data
http://hr.dbpedia.org/property/,hr.dbp,schema
http://hr.dbpedia.org/resource/,hr.dbr,data
http://hsb.dbpedia.org/property/,hsb.dbp,schema
http://hsb.dbpedia.org/resource/,hsb.dbr,data
http://ht.dbpedia.org/property/,ht.dbp,schema
http://ht.dbpedia.org/resource/,ht.dbr,data
http://hu.dbpedia.org/property/,hu.dbp,schema
http://hu.dbpedia.org/resource/,hu.dbr,data
http://hxl.humanitarianresponse.info/ns/#,hxl,schema
http://hy.dbpedia.org/property/,hy.dbp,schema
http://hy.dbpedia.org/resource/,hy.dbr,data
http://ia.dbpedia.org/property/,ia.dbp,schema
http://ia.dbpedia.org/resource/,ia.dbr,data
http://id.dbpedia.org/property/,id.dbp,schema
http://id.dbpedia.org/resource/,id.dbr,data
http://id.loc.gov/vocabulary/iso639-1/,language,schema
http://id.loc.gov/vocabulary/relators/,marcrel,schema
http://id.loc.gov/vocabulary/relators/,mrel,schema
http://idi.fundacionctic.org/cruzar/turismo#,turismo,schema
http://iflastandards.info/ns/fr/frad/,frad,schema
http://iflastandards.info/ns/fr/frbr/frbrer/,frbrer,schema
http://iflastandards.info/ns/fr/frsad/,frsad,schema
http://iflastandards.info/ns/isbd/elements/,isbd,schema
http://iflastandards.info/ns/muldicat#,muldicat,schema
http://ig.dbpedia.org/property/,ig.dbp,schema
http://ig.dbpedia.org/resource/,ig.dbr,data
http://ilo.dbpedia.org/property/,ilo.dbp,schema
http://ilo.dbpedia.org/resource/,ilo.dbr,data
http://imf.270a.info/dataset/,imf,schema
http://imi.ipa.go.jp/ns/core/210#,ic,schema
http://inference-web.org/2.0/pml-justification.owl#,pmlj,schema
http://inference-web.org/2.0/pml-provenance.owl#,pmlp,schema
http://inference-web.org/2.0/pml-relation.owl#,pmlr,schema
http://inference-web.org/2.0/pml-trust.owl#,pmlt,schema
http://info.deepcarbon.net/schema#,dco,schema
http://infra.clarin.eu/cmd/,cmdm,schema
http://institutions.publicdata.eu/#,eui,schema
http://io.dbpedia.org/property/,io.dbp,schema
http://io.dbpedia.org/resource/,io.dbr,data
http://iptc.org/std/rNews/2011-10-07#,rnews,schema
http://is.dbpedia.org/property/,is.dbp,schema
http://is.dbpedia.org/resource/,is.dbr,data
http://iserve.kmi.open.ac.uk/ns/hrests#,hr,schema
http://iserve.kmi.open.ac.uk/ns/msm#,msm,schema
http://it.dbpedia.org/property/,it.dbp,schema
http://it.dbpedia.org/resource/,it.dbr,data
http://ja.dbpedia.org/property/,ja.dbp,schema
http://ja.dbpedia.org/resource/,ja.dbr,data
http://jbo.dbpedia.org/property/,jbo.dbp,schema
http://jbo.dbpedia.org/resource/,jbo.dbr,data
http://jena.hpl.hp.com/2008/tdb#,tdb,schema
http://jena.hpl.hp.com/ARQ/function#,afn,schema
http://jena.hpl.hp.com/ARQ/property#,pf,schema
http://jena.hpl.hp.com/Eyeball#,eye,schema
http://jicamaro.info/mp#,mp,schema
http://jmvanel.free.fr/ontology/software_applications.n3#,app,schema
http://jv.dbpedia.org/property/,jv.dbp,schema
http://jv.dbpedia.org/resource/,jv.dbr,data
http://ka.dbpedia.org/property/,ka.dbp,schema
http://ka.dbpedia.org/resource/,ka.dbr,data
http://kaa.dbpedia.org/property/,kaa.dbp,schema
http://kaa.dbpedia.org/resource/,kaa.dbr,data
http://kab.dbpedia.org/property/,kab.dbp,schema
http://kab.dbpedia.org/resource/,kab.dbr,data
http://kai.uni-kiel.de/,kai,schema
http://kaiko.getalp.org/dbnary#,dbnary,schema
http://kasei.us/about/foaf.xrdf#,greg,schema
http://kbd.dbpedia.org/property/,kbd.dbp,schema
http://kbd.dbpedia.org/resource/,kbd.dbr,data
http://kdo.render-project.eu/kdo#,kdo,schema
http://ki.dbpedia.org/property/,ki.dbp,schema
http://ki.dbpedia.org/resource/,ki.dbr,data
http://kk.dbpedia.org/property/,kk.dbp,schema
http://kk.dbpedia.org/resource/,kk.dbr,data
http://kl.dbpedia.org/property/,kl.dbp,schema
http://kl.dbpedia.org/resource/,kl.dbr,data
http://km.aifb.kit.edu/projects/numbers/number#,no,schema
http://km.dbpedia.org/property/,km.dbp,schema
http://km.dbpedia.org/resource/,km.dbr,data
http://kmi.open.ac.uk/projects/smartproducts/ontologies/food.owl#,spfood,schema
http://kmm.lboro.ac.uk/ecos/1.0#,ecos,schema
http://kn.dbpedia.org/property/,kn.dbp,schema
http://kn.dbpedia.org/resource/,kn.dbr,data
http://knoesis.wright.edu/provenir/provenir.owl#,provenir,schema
http://ko.dbpedia.org/property/,ko.dbp,schema
http://ko.dbpedia.org/resource/,ko.dbr,data
http://koi.dbpedia.org/property/,koi.dbp,schema
http://koi.dbpedia.org/resource/,koi.dbr,data
http://krauthammerlab.med.yale.edu/ontologies/gelo#,gelo,schema
http://ks.dbpedia.org/property/,ks.dbp,schema
http://ks.dbpedia.org/resource/,ks.dbr,data
http://ku.dbpedia.org/property/,ku.dbp,schema
http://ku.dbpedia.org/resource/,ku.dbr,data
http://kv.dbpedia.org/property/,kv.dbp,schema
http://kv.dbpedia.org/resource/,kv.dbr,data
http://kwantu.net/kw/,kw,schema
http://kwijibo.talis.com/,kwijibo,schema
http://kwijibo.talis.com/vocabs/puelia#,puelia,schema
http://la.dbpedia.org/property/,la.dbp,schema
http://la.dbpedia.org/resource/,la.dbr,data
http://labels4all.info/ns/,l4a,schema
http://labs.mondeca.com/vocab/endpointStatus#,ends,schema
http://langegger.at/xlwrap/vocab#,xl,schema
http://launchpad.net/rdf/launchpad#,lp,schema
http://lb.dbpedia.org/property/,lb.dbp,schema
http://lb.dbpedia.org/resource/,lb.dbr,data
http://lbe.dbpedia.org/property/,lbe.dbp,schema
http://lbe.dbpedia.org/resource/,lbe.dbr,data
http://ldf.fi/void-ext#,vext,schema
http://lemon-model.net/lemon#,lemon,schema
http://lemon-model.net/lexica/uby/,lemonuby,schema
http://lemon-model.net/oils#,oils,schema
http://lexvo.org/ontology#,lexvo,schema
http://lexvo.org/ontology#,lvont,schema
http://lez.dbpedia.org/property/,lez.dbp,schema
http://lez.dbpedia.org/resource/,lez.dbr,data
http://li.dbpedia.org/property/,li.dbp,schema
http://li.dbpedia.org/resource/,li.dbr,data
http://life.deri.ie/schema/,life,schema
http://linkedevents.org/ontology/,lode,schema
http://linkedgeodata.org/ontology/,lgdo,schema
http://linkedgeodata.org/ontology/,lgv,schema
http://linkedgeodata.org/vocabulary#,lgd,schema
http://linkedmultimedia.org/sparql-mm/functions#,mm,schema
http://linkedmultimedia.org/sparql-mm/functions/temporal#,mmt,schema
http://linkedmultimedia.org/sparql-mm/ns/1.0.0/function#,mmf,schema
http://linkedrecipes.org/schema/,lr,schema
http://linkedrecipes.org/schema/,recipe,schema
http://linkedscience.org/lsc/ns#,lsc,schema
http://linkedscience.org/teach/ns#,teach,schema
http://linkedspending.aksw.org/instance/,ls,schema
http://linkedspending.aksw.org/ontology/,lso,schema
http://lmo.dbpedia.org/property/,lmo.dbp,schema
http://lmo.dbpedia.org/resource/,lmo.dbr,data
http://ln.dbpedia.org/property/,ln.dbp,schema
http://ln.dbpedia.org/resource/,ln.dbr,data
http://lod.ac/ns/lodac#,lodac,schema
http://lod.b3kat.de/title/,bsb,schema
http://lod.geodan.nl/vocab/bag#,bag,schema
http://lod.gesis.org/lodpilot/ALLBUS/vocab.rdf#,gesis,schema
http://lod.taxonconcept.org/ontology/p01/Mammalia/index.owl#,mammal,schema
http://lod.taxonconcept.org/ontology/sci_people.owl#,scip,schema
http://lod.taxonconcept.org/ontology/txn.owl#,txn,schema
http://lod.taxonconcept.org/ses/,ses,schema
http://lod.xdams.org/reload/oad/,oad,schema
http://lod2.eu/schema/,lod2,schema
http://lodlaundromat.org/metrics/ontology/,llm,schema
http://lodlaundromat.org/ontology/,llo,schema
http://lodlaundromat.org/resource/,ll,schema
http://loted.eu/ontology#,loted,schema
http://lsdis.cs.uga.edu/projects/semdis/opus#,opus,schema
http://lt.dbpedia.org/property/,lt.dbp,schema
http://lt.dbpedia.org/resource/,lt.dbr,data
http://ltsc.ieee.org/rdf/lomv1p0/lom#,lom,schema
http://ltsc.ieee.org/rdf/lomv1p0/vocabulary#,lomvoc,schema
http://lukasblaho.sk/football_league_schema#,fls,schema
http://lv.dbpedia.org/property/,lv.dbp,schema
http://lv.dbpedia.org/resource/,lv.dbr,data
http://madskills.com/public/xml/rss/module/trackback/,trackback,schema
http://manesht.ir/,mohammad,schema
http://map_bms.dbpedia.org/property/,map_bms.dbp,schema
http://map_bms.dbpedia.org/resource/,map_bms.dbr,data
http://mappings.roadmap.org/,roadmap,schema
http://maven.apache.org/POM/4.0.0#,pom,schema
http://merlin.phys.uni.lodz.pl/onto/physo/physo.owl#,physo,schema
http://metadataregistry.org/uri/schema/RDARelationshipsGR2/,rdarel2,schema
http://mg.dbpedia.org/property/,mg.dbp,schema
http://mg.dbpedia.org/resource/,mg.dbr,data
http://mged.sourceforge.net/ontologies/MGEDOntology.owl#,mged,schema
http://mhr.dbpedia.org/property/,mhr.dbp,schema
http://mhr.dbpedia.org/resource/,mhr.dbr,data
http://mk.dbpedia.org/property/,mk.dbp,schema
http://mk.dbpedia.org/resource/,mk.dbr,data
http://ml.dbpedia.org/property/,ml.dbp,schema
http://ml.dbpedia.org/resource/,ml.dbr,data
http://mlode.nlp2rdf.org/quranvocab#,qvoc,schema
http://mmisw.org/ont/cf/parameter/,cf,schema
http://mn.dbpedia.org/property/,mn.dbp,schema
http://mn.dbpedia.org/resource/,mn.dbr,data
http://moat-project.org/ns#,moat,schema
http://models.okkam.org/ENS-core-vocabulary#,okkam,schema
http://models.okkam.org/ENS-core-vocabulary.owl#,ens,schema
http://mr.dbpedia.org/property/,mr.dbp,schema
http://mr.dbpedia.org/resource/,mr.dbr,data
http://mrj.dbpedia.org/property/,mrj.dbp,schema
http://mrj.dbpedia.org/resource/,mrj.dbr,data
http://ms.dbpedia.org/property/,ms.dbp,schema
http://ms.dbpedia.org/resource/,ms.dbr,data
http://multimedialab.elis.ugent.be/organon/ontologies/ninsuna#,nsa,schema
http://multimedialab.elis.ugent.be/users/samcoppe/ontologies/Premis/premis.owl#,premis,schema
http://musicbrainz.org/ns/mmd-1.0#,mmd,schema
http://musicontology.com/,music,schema
http://my.dbpedia.org/property/,my.dbp,schema
http://my.dbpedia.org/resource/,my.dbr,data
http://myprefix.org/,myprefix,schema
http://na.dbpedia.org/property/,na.dbp,schema
http://na.dbpedia.org/resource/,na.dbr,data
http://nah.dbpedia.org/property/,nah.dbp,schema
http://nah.dbpedia.org/resource/,nah.dbr,data
http://ndl.go.jp/dcndl/terms/,dcndl,schema
http://nds.dbpedia.org/property/,nds.dbp,schema
http://nds.dbpedia.org/resource/,nds.dbr,data
http://nds_nl.dbpedia.org/property/,nds_nl.dbp,schema
http://nds_nl.dbpedia.org/resource/,nds_nl.dbr,data
http://ne.dbpedia.org/property/,ne.dbp,schema
http://ne.dbpedia.org/resource/,ne.dbr,data
http://nerd.eurecom.fr/ontology#,nerd,schema
http://new.dbpedia.org/property/,new.dbp,schema
http://new.dbpedia.org/resource/,new.dbr,data
http://nidm.nidash.org/,nidm,schema
http://nl.dbpedia.org/property/,nl.dbp,schema
http://nl.dbpedia.org/resource/,nl.dbr,data
http://nl.ijs.si/ME/owl/,mte,schema
http://nlp2rdf.lod2.eu/schema/sso/,sso,schema
http://nlp2rdf.lod2.eu/schema/string/,str,schema
http://nn.dbpedia.org/property/,nn.dbp,schema
http://nn.dbpedia.org/resource/,nn.dbr,data
http://no.dbpedia.org/property/,no.dbp,schema
http://no.dbpedia.org/resource/,no.dbr,data
http://nrm.dbpedia.org/property/,nrm.dbp,schema
http://nrm.dbpedia.org/resource/,nrm.dbr,data
http://ns.adobe.com/photoshop/1.0/,photoshop,schema
http://ns.adobe.com/xap/1.0/,xmp,schema
http://ns.aksw.org/Evolution/,evopat,schema
http://ns.aksw.org/scms/annotations/,scms,schema
http://ns.aksw.org/spatialHierarchy/,shv,schema
http://ns.bergnet.org/tac/0.1/triple-access-control#,tac,schema
http://ns.cerise-project.nl/energy/def/cim-smartgrid#,smg,schema
http://ns.inria.fr/ast/sql#,sql,schema
http://ns.inria.fr/emoca#,emoca,schema
http://ns.inria.fr/l4lod/v2/,l4lod,schema
http://ns.inria.fr/nicetag/2010/09/09/voc#,nt,schema
http://ns.inria.fr/prissma/v1#,prissma,schema
http://ns.inria.fr/ratio4ta/v1#,r4ta,schema
http://ns.inria.fr/s4ac/v2#,s4ac,schema
http://ns.inria.fr/webmarks#,wm,schema
http://ns.nature.com/datasets/,npgd,schema
http://ns.nature.com/extensions/,npgx,schema
http://ns.nature.com/graphs/,npgg,schema
http://ns.nature.com/terms/,npg,schema
http://ns.ontowiki.net/SysOnt/,sysont,schema
http://ns.ontowiki.net/SysOnt/Site/,site,schema
http://ns.poundhill.com/phss/1.0/,phss,schema
http://ns.rww.io/wapp#,wapp,schema
http://ns.taverna.org.uk/2010/scufl2#,scufl2,schema
http://ns.taverna.org.uk/2012/tavernaprov/,tavprov,schema
http://nuts.psi.enakting.org/id/BE335/doc/,nuts,schema
http://nv.dbpedia.org/property/,nv.dbp,schema
http://nv.dbpedia.org/resource/,nv.dbr,data
http://oanda2rdf.appspot.com/xch/,xch,schema
http://obofoundry.org/ro/ro.owl#,oboro,schema
http://observedchange.com/moac/ns#,moac,schema
http://observedchange.com/tisc/ns#,tisc,schema
http://oc.dbpedia.org/property/,oc.dbp,schema
http://oc.dbpedia.org/resource/,oc.dbr,data
http://ocean-data.org/schema/,odo,schema
http://oecd.270a.info/dataset/,oecd,schema
http://ogp.me/ns#,ogp,schema
http://ogp.me/ns/article#,article,schema
http://okkam.org/terms#,ok,schema
http://omdoc.org/ontology/,omdoc,schema
http://omv.ontoware.org/2005/05/ontology#,omv,schema
http://online-presence.net/opo/ns#,opo,schema
http://ontojob.at/,oj,schema
http://ontologi.es/days#,days,schema
http://ontologi.es/doap-bugs#,dbug,schema
http://ontologi.es/doap-changeset#,dcs,schema
http://ontologi.es/doap-deps#,deps,schema
http://ontologi.es/giving#,giving,schema
http://ontologi.es/lang/core#,lang,schema
http://ontologi.es/like#,like,schema
http://ontologi.es/profiling#,profiling,schema
http://ontologi.es/rail/vocab#,rail,schema
http://ontologi.es/sparql#,sparql,schema
http://ontologi.es/status#,status,schema
http://ontologies.ezweb.morfeo-project.org/ezcontext/ns#,ezcontext,schema
http://ontologies.ezweb.morfeo-project.org/eztag/ns#,eztag,schema
http://ontologies.hypios.com/out#,out,schema
http://ontologies.smile.deri.ie/2009/02/27/memo#,memo,schema
http://ontologies.smile.deri.ie/pdo#,pdo,schema
http://ontology.ip.rm.cnr.it/ontologies/DOLCE-Lite#,dl,schema
http://ontology.irstea.fr/,irstea,schema
http://ontology.irstea.fr/weather/ontology#,irsteaont,schema
http://ontology.it/itsmo/v1#,itsmo,schema
http://ontologycentral.com/2009/01/eurostat/ns#,estatwrap,schema
http://ontologycentral.com/2010/05/cb/vocab#,cbase,schema
http://ontologydesignpatterns.org/,odp,schema
http://ontoloji.galaksiya.com/vocab/,galaksiya,schema
http://ontorule-project.eu/resources/steel-30#,steel,schema
http://ontoview.org/schema/unspsc/1#,unspsc,schema
http://open-services.net/ns/basicProfile#,bp,schema
http://open-services.net/ns/core#,oslc,schema
http://open-services.net/ns/crtv#,crtv,schema
http://open.vocab.org/terms/,ov,schema
http://opencoinage.org/rdf/,oc,schema
http://opendata.caceres.es/def/ontomunicipio#,om,schema
http://opendata.caceres.es/def/ontosemanasanta#,oss,schema
http://opendata.cz/infrastructure/odcleanstore/,odcs,schema
http://opendepot.org/reference/linked/1.0/,oarj,schema
http://openean.kaufkauf.net/id/,ean,schema
http://opengraph.org/schema/,ogorg,schema
http://opengraphprotocol.org/schema/,og,schema
http://openknowledgegraph.org/ontology/,okg,schema
http://openlad.org/vocab#,olad,schema
http://openlinksw.com/schema/attribution#,opl,schema
http://openlinksw.com/schemas/oat/,oat,schema
http://openlinksw.com/services/facets/1.0/,fct,schema
http://openprovenance.org/model/opmo#,opmo,schema
http://openprovenance.org/ontology#,opm,schema
http://openprovenance.org/ontology#,oprovo,schema
http://openskos.org/xmlns#,openskos,schema
http://or.dbpedia.org/property/,or.dbp,schema
http://or.dbpedia.org/resource/,or.dbr,data
http://origins.link/,origins,schema
http://orion.tw.rpi.edu/~xgmatwc/refe/,refe,schema
http://owlrep.eu01.aws.af.cm/fridge#,of,schema
http://pam.dbpedia.org/property/,pam.dbp,schema
http://pam.dbpedia.org/resource/,pam.dbr,data
http://paul.staroch.name/thesis/SmartHomeWeather.owl#,shw,schema
http://pcd.dbpedia.org/property/,pcd.dbp,schema
http://pcd.dbpedia.org/resource/,pcd.dbr,data
http://penis.to/#,penis,schema
http://persistence.uni-leipzig.org/nlp2rdf/ontologies/nif-core#,nif,schema
http://persistence.uni-leipzig.org/nlp2rdf/ontologies/rlog#,rlog,schema
http://philosurfical.open.ac.uk/ontology/philosurfical.owl/,phil,schema
http://pictogram.tokyo/vocabulary#,hp,schema
http://pkgsrc.co/schema#,pkgsrc,schema
http://pl.dbpedia.org/property/,pl.dbp,schema
http://pl.dbpedia.org/resource/,pl.dbr,data
http://pleiades.stoa.org/places/,ple,schema
http://plugin.org.uk/swh-plugins/,swh,schema
http://pms.dbpedia.org/property/,pms.dbp,schema
http://pms.dbpedia.org/resource/,pms.dbr,data
http://pnb.dbpedia.org/property/,pnb.dbp,schema
http://pnb.dbpedia.org/resource/,pnb.dbr,data
http://poderopedia.com/vocab/,poder,schema
http://pokedex.dataincubator.org/pkm/,pkmn,schema
http://poshrdf.org/ns/posh/,posh,schema
http://prefix.cc/,prefix,schema
http://prefix.cc/nsogi:,nsogi,schema
http://prismstandard.org/namespaces/basic/2.0/,prism,schema
http://prismstandard.org/namespaces/basic/2.1/,prism21,schema
http://prismstandard.org/namespaces/pam/2.0/,pam,schema
http://privatealpha.com/ontology/certification/1#,acrt,schema
http://protege.stanford.edu/plugins/owl/dc/protege-dc.owl#,protegedc,schema
http://protege.stanford.edu/system#,protege,schema
http://proton.semanticweb.org/2005/04/protons#,protons,schema
http://prov4j.org/w3p/,w3p,schema
http://provenanceweb.org/ns/pml#,pml,schema
http://psh.techlib.cz/skos/,psh,schema
http://pt.dbpedia.org/property/,pt.dbp,schema
http://pt.dbpedia.org/resource/,pt.dbr,data
http://purl.bioontology.org/ontology/EDAM/,edam,schema
http://purl.obolibrary.org/obo/,obo,schema
http://purl.obolibrary.org/obo/bco.owl#,bco,schema
http://purl.obolibrary.org/obo/iao.owl#,iao,schema
http://purl.oclc.org/NET/ldr/ns#,ldr,schema
http://purl.oclc.org/NET/lldr/ns#,lldr,schema
http://purl.oclc.org/NET/muo/muo#,muo,schema
http://purl.oclc.org/NET/mvco.owl#,mvco,schema
http://purl.oclc.org/NET/nknouf/ns/bibtex#,bibtex,schema
http://purl.oclc.org/NET/sism/0.1/,sism,schema
http://purl.oclc.org/NET/ssnx/meteo/aws#,aws,schema
http://purl.oclc.org/NET/ssnx/qu/qu#,qu,schema
http://purl.oclc.org/NET/ssnx/ssn#,ssn,schema
http://purl.oclc.org/POIS/vcblr#,pois,schema
http://purl.oreilly.com/ns/meta/,metadata,schema
http://purl.org/ASN/schema/core/,asn,schema
http://purl.org/LiMo/0.1/,limoo,schema
http://purl.org/NET/acc#,acc,schema
http://purl.org/NET/biol/botany#,botany,schema
http://purl.org/NET/biol/ns#,biol,schema
http://purl.org/NET/biol/zoology#,zoology,schema
http://purl.org/NET/book/vocab#,book,schema
http://purl.org/NET/c4dm/event.owl#,event,schema
http://purl.org/NET/c4dm/keys.owl#,keys,schema
http://purl.org/NET/c4dm/timeline.owl#,timeline,schema
http://purl.org/NET/cidoc-crm/core#,cidoccrm,schema
http://purl.org/NET/cloudisus#,cis,schema
http://purl.org/NET/cpan-uri/terms#,cpant,schema
http://purl.org/NET/dady#,dady,schema
http://purl.org/NET/decimalised#,ddc,schema
http://purl.org/NET/lx#,lx,schema
http://purl.org/NET/mediatypes/,mime,schema
http://purl.org/NET/ordf/,ordf,schema
http://purl.org/NET/puc#,puc,schema
http://purl.org/NET/rulz#,rulz,schema
http://purl.org/NET/schema-org-csv#,scsv,schema
http://purl.org/NET/scovo#,scovo,schema
http://purl.org/NET/uri#,uri,schema
http://purl.org/NET/yoda#,yoda,schema
http://purl.org/acco/ns#,acco,schema
http://purl.org/acco/ns#,accom,schema
http://purl.org/adms/sw/,admssw,schema
http://purl.org/amicroformat/arecipe/,arecipe,schema
http://purl.org/archival/vocab/arch#,arch,schema
http://purl.org/b2bo#,b2bo,schema
http://purl.org/biodiversity/taxon/,taxon,schema
http://purl.org/biotop/biotop.owl#,biotop,schema
http://purl.org/captsolo/resume-rdf/0.2/base#,cvbase,schema
http://purl.org/captsolo/resume-rdf/0.2/cv#,cv,schema
http://purl.org/carfo#,carfo,schema
http://purl.org/cerif/frapo/,frapo,schema
http://purl.org/cld/cdtype/,cdtype,schema
http://purl.org/cld/terms/,cld,schema
http://purl.org/co/,coll,schema
http://purl.org/commerce#,com,schema
http://purl.org/commerce/creditcard#,ccard,schema
http://purl.org/commerce/payment#,pay,schema
http://purl.org/commerce/product#,product,schema
http://purl.org/configurationontology#,cold,schema
http://purl.org/coo/ns#,coo,schema
http://purl.org/court/def/2009/coin#,coin,schema
http://purl.org/csm/1.0#,csm,schema
http://purl.org/ctic/dcat#,ds,schema
http://purl.org/ctic/empleo/oferta#,emp,schema
http://purl.org/ctic/infraestructuras/organizacion#,ctorg,schema
http://purl.org/ctic/sector-publico/elecciones#,elec,schema
http://purl.org/datanode/ns/,dn,schema
http://purl.org/dc/dcam/,dcam,schema
http://purl.org/dc/dcmitype/,dcmit,schema
http://purl.org/dc/elements/1.1/,dc,schema
http://purl.org/dc/qualifiers/1.0/,dcq,schema
http://purl.org/dc/terms/,dct,schema
http://purl.org/derecho#,derecho,schema
http://purl.org/dita/ns#,dita,schema
http://purl.org/dqm-vocabulary/v1/dqm#,dqm,schema
http://purl.org/dsnotify/vocab/eventset/,dsn,schema
http://purl.org/fab/ns#,fab,schema
http://purl.org/finlex/schema/laki/,finlaw,schema
http://purl.org/finlex/schema/oikeus/,fincaselaw,schema
http://purl.org/foodontology#,food,schema
http://purl.org/gc/,gnvc,schema
http://purl.org/geovocamp/ontology/geovoid/,geovoid,schema
http://purl.org/germplasm/terms#,germplasm,schema
http://purl.org/goodrelations/v1#,gr,schema
http://purl.org/healthcarevocab/v1#,dicom,schema
http://purl.org/hpi/patchr#,pat,schema
http://purl.org/hpi/patchr#,pro,schema
http://purl.org/ibis#,ibis,schema
http://purl.org/imbi/ru-meta.owl#,ru,schema
http://purl.org/innovation/ns#,inno,schema
http://purl.org/iso25964/skos-thes#,iso,schema
http://purl.org/legal_form/vocab#,lofv,schema
http://purl.org/lex#,lex,schema
http://purl.org/lex/cz#,lexcz,schema
http://purl.org/library/,library,schema
http://purl.org/linguistics/gold/,gold,schema
http://purl.org/linked-data/api/vocab#,api,schema
http://purl.org/linked-data/cube#,qb,schema
http://purl.org/linked-data/sdmx#,sdmx,schema
http://purl.org/linked-data/sdmx/2009/attribute#,sdmx-attribute,schema
http://purl.org/linked-data/sdmx/2009/code#,sdmx-code,schema
http://purl.org/linked-data/sdmx/2009/concept#,sdmx-concept,schema
http://purl.org/linked-data/sdmx/2009/dimension#,sdmx-dimension,schema
http://purl.org/linked-data/sdmx/2009/measure#,sdmx-measure,schema
http://purl.org/linked-data/xkos#,xkos,schema
http://purl.org/linkedpolitics/vocabulary/eu/plenary/,lpeu,schema
http://purl.org/linkingyou/,lyou,schema
http://purl.org/lobid/lv#,lv,schema
http://purl.org/locwd/schema#,locwd,schema
http://purl.org/makolab/caont/,cao,schema
http://purl.org/media/audio#,audio,schema
http://purl.org/media/video#,video,schema
http://purl.org/metainfo/terms/dsp#,dsp,schema
http://purl.org/microformat/hmedia/,media,schema
http://purl.org/muto/core#,muto,schema
http://purl.org/net/VideoGameOntology#,vgo,schema
http://purl.org/net/biblio#,biblio,schema
http://purl.org/net/biordfmicroarray/ns#,biordf,schema
http://purl.org/net/compass#,compass,schema
http://purl.org/net/dssn/,dssn,schema
http://purl.org/net/evident#,evident,schema
http://purl.org/net/hdlipcores/ontology/soc#,soc,schema
http://purl.org/net/hifm/data#,hifm,schema
http://purl.org/net/ldap/,ldap,schema
http://purl.org/net/lio#,lio,schema
http://purl.org/net/ns/ontology-annot#,ont,schema
http://purl.org/net/ns/wordmap#,wordmap,schema
http://purl.org/net/opmv/ns#,opmv,schema
http://purl.org/net/opmv/types/gridworks#,gridworks,schema
http://purl.org/net/opmv/types/xslt#,xslopm,schema
http://purl.org/net/pingback/,ping,schema
http://purl.org/net/pingback/,pingback,schema
http://purl.org/net/po#,plo,schema
http://purl.org/net/provenance/integrity#,prviv,schema
http://purl.org/net/provenance/ns#,prv,schema
http://purl.org/net/provenance/types#,prvt,schema
http://purl.org/net/rdf-money/,money,schema
http://purl.org/net/schemas/space/,space,schema
http://purl.org/net/vgo#,videogame,schema
http://purl.org/net/vocab/2004/03/label#,label,schema
http://purl.org/net/vocab/2004/07/visit#,visit,schema
http://purl.org/net/wf-motifs#,wfm,schema
http://purl.org/net/wf4ever/ro#,wro,schema
http://purl.org/ns/meteo#,meteo,schema
http://purl.org/nxp/schema/v1/,nxp,schema
http://purl.org/obo/owl/MS#,ms,schema
http://purl.org/obo/owl/NCBITaxon#,ncbitaxon,schema
http://purl.org/obo/owl/SO#,oboso,schema
http://purl.org/olap#,qb4o,schema
http://purl.org/olia/mte/multext-east.owl#,mtecore,schema
http://purl.org/olia/olia.owl#,olia,schema
http://purl.org/olia/penn.owl#,penn,schema
http://purl.org/olia/stanford.owl#,stanford,schema
http://purl.org/olia/system.owl#,oliasystem,schema
http://purl.org/omapi/0.2/#,omapi,schema
http://purl.org/ontology/af/,af,schema
http://purl.org/ontology/ao/core#,ao,schema
http://purl.org/ontology/bibo/,bibo,schema
http://purl.org/ontology/cco/core#,cco,schema
http://purl.org/ontology/cco/mappings#,ccom,schema
http://purl.org/ontology/chord/,chord,schema
http://purl.org/ontology/cosmo#,cosmo,schema
http://purl.org/ontology/daia/,daia,schema
http://purl.org/ontology/daia/Service/,daiaserv,schema
http://purl.org/ontology/dso#,dso,schema
http://purl.org/ontology/ecpo#,ecpo,schema
http://purl.org/ontology/gbv/,gbv,schema
http://purl.org/ontology/holding#,holding,schema
http://purl.org/ontology/iron#,iron,schema
http://purl.org/ontology/is/core#,is,schema
http://purl.org/ontology/is/inst/,isi,schema
http://purl.org/ontology/is/quality/,isq,schema
http://purl.org/ontology/is/types/,ist,schema
http://purl.org/ontology/last-fm/,lastfm,schema
http://purl.org/ontology/mo/,mo,schema
http://purl.org/ontology/mo/mit#,mit,schema
http://purl.org/ontology/myspace#,myspace,schema
http://purl.org/ontology/olo/core#,olo,schema
http://purl.org/ontology/paia#,paia,schema
http://purl.org/ontology/pbo/core#,pbo,schema
http://purl.org/ontology/places#,places,schema
http://purl.org/ontology/places/,place,schema
http://purl.org/ontology/po/,po,schema
http://purl.org/ontology/prv/core#,pr,schema
http://purl.org/ontology/prv/rules#,prvr,schema
http://purl.org/ontology/rec/core#,rec,schema
http://purl.org/ontology/sco#,sco,schema
http://purl.org/ontology/service#,service,schema
http://purl.org/ontology/similarity/,sim,schema
http://purl.org/ontology/ssso#,ssso,schema
http://purl.org/ontology/stories/,stories,schema
http://purl.org/ontology/storyline/,nsl,schema
http://purl.org/ontology/symbolic-music/,so,schema
http://purl.org/ontology/wi/core#,wi,schema
http://purl.org/ontology/wo/,wo,schema
http://purl.org/ontomedia/core/expression#,ome,schema
http://purl.org/ontomedia/core/media#,omm,schema
http://purl.org/ontomedia/core/space#,spc,schema
http://purl.org/ontomedia/ext/common/being#,being,schema
http://purl.org/ontomedia/ext/common/being#,omb,schema
http://purl.org/ontomedia/ext/common/bestiary#,omc,schema
http://purl.org/ontomedia/ext/common/profession#,omp,schema
http://purl.org/ontomedia/ext/common/trait#,omt,schema
http://purl.org/openorg/,oo,schema
http://purl.org/oslo/ns/localgov#,oslo,schema
http://purl.org/pav/,pav,schema
http://purl.org/procurement/public-contracts#,pc,schema
http://purl.org/procurement/public-contracts-czech#,pccz,schema
http://purl.org/prog/,prog,schema
http://purl.org/provenance/w3p/w3po#,w3po,schema
http://purl.org/provone#,provone,schema
http://purl.org/rdfstats/stats#,stats,schema
http://purl.org/rdo/ns#,rdo,schema
http://purl.org/reco#,reco,schema
http://purl.org/req/,req,schema
http://purl.org/restdesc/http-template#,tmpl,schema
http://purl.org/rss/1.0/,rss,schema
http://purl.org/rss/1.0/modules/content/,content,schema
http://purl.org/rss/1.0/modules/taxonomy/,taxo,schema
http://purl.org/rvl/,rvl,schema
http://purl.org/science/owl/sciencecommons/,sc,schema
http://purl.org/signature#,sig,schema
http://purl.org/spar/biro/,biro,schema
http://purl.org/spar/c4o/,c4o,schema
http://purl.org/spar/cito/,cito,schema
http://purl.org/spar/datacite/,dcite,schema
http://purl.org/spar/deo/,deo,schema
http://purl.org/spar/doco/,doco,schema
http://purl.org/spar/fabio/,fabio,schema
http://purl.org/spar/pso/,pso,schema
http://purl.org/spar/pwo/,pwo,schema
http://purl.org/spar/scoro/,scoro,schema
http://purl.org/stuff/project/,prj,schema
http://purl.org/stuff/rev#,rev,schema
http://purl.org/swan/1.2/agents/,swanag,schema
http://purl.org/swan/1.2/citations/,swanci,schema
http://purl.org/swan/1.2/discourse-elements/,swande,schema
http://purl.org/swan/1.2/discourse-relationships/,swandr,schema
http://purl.org/swan/1.2/pav/,swanpav,schema
http://purl.org/swan/1.2/qualifiers/,swanq,schema
http://purl.org/swan/1.2/swan-commons/,swanco,schema
http://purl.org/swan/2.0/discourse-relationships/,dr,schema
http://purl.org/tcga/core#,tcga,schema
http://purl.org/telix#,telix,schema
http://purl.org/telmap/,telmap,schema
http://purl.org/theatre#,theatre,schema
http://purl.org/tio/ns#,tio,schema
http://purl.org/tripfs/2010/02#,tripfs,schema
http://purl.org/tripfs/2010/06#,tripfs2,schema
http://purl.org/twc/cabig/model/HINTS2005-1.owl#,hints2005,schema
http://purl.org/twc/health/vocab/,health,schema
http://purl.org/twc/health/vocab/aggregate/,agg,schema
http://purl.org/twc/ontologies/cmo.owl#,cmo,schema
http://purl.org/twc/ontologies/identity.owl#,identity,schema
http://purl.org/twc/ontology/cdm.owl#,cdm,schema
http://purl.org/twc/ontology/frir.owl#,frir,schema
http://purl.org/twc/vocab/aapi-schema#,twaapi,schema
http://purl.org/twc/vocab/between-the-edges/,bte,schema
http://purl.org/twc/vocab/centrifuge#,centrifuge,schema
http://purl.org/twc/vocab/conversion/,conv,schema
http://purl.org/twc/vocab/cross-topix#,xt,schema
http://purl.org/twc/vocab/datacarver#,crv,schema
http://purl.org/twc/vocab/datafaqs#,datafaqs,schema
http://purl.org/twc/vocab/goef#,goef,schema
http://purl.org/twc/vocab/opendap#,od,schema
http://purl.org/twc/vocab/pvcs#,pvcs,schema
http://purl.org/twc/vocab/vsr#,vsr,schema
http://purl.org/twc/vocab/vsr/graffle#,graffle,schema
http://purl.org/uF/hCard/terms/,hcard,schema
http://purl.org/uco/ns#,uco,schema
http://purl.org/viso/,viso,schema
http://purl.org/voc/ling/,ling,schema
http://purl.org/voc/vrank#,vrank,schema
http://purl.org/vocab/aiiso/schema#,aiiso,schema
http://purl.org/vocab/bio/0.1/,bio,schema
http://purl.org/vocab/changeset/schema#,cs,schema
http://purl.org/vocab/frbr/core#,frbr,schema
http://purl.org/vocab/frbr/extended#,frbre,schema
http://purl.org/vocab/lifecycle/schema#,lifecycle,schema
http://purl.org/vocab/participation/schema#,part,schema
http://purl.org/vocab/psychometric-profile/,psych,schema
http://purl.org/vocab/relationship/,rel,schema
http://purl.org/vocab/resourcelist/schema#,resource,schema
http://purl.org/vocab/riro/ddl#,ddl,schema
http://purl.org/vocab/riro/gpt#,gpt,schema
http://purl.org/vocab/riro/sdl#,sdl,schema
http://purl.org/vocab/vann/,vann,schema
http://purl.org/vocabularies/amalgame#,amalgame,schema
http://purl.org/vocabularies/princeton/wn30/,wn30,schema
http://purl.org/vocabularies/princeton/wordnet/schema#,wordnet,schema
http://purl.org/vocommons/voaf#,voaf,schema
http://purl.org/vso/ns#,vso,schema
http://purl.org/vvo/ns#,vvo,schema
http://purl.org/wai#,wai,schema
http://purl.org/webofneeds/model#,won,schema
http://purl.org/weso/cpv/,cpv,schema
http://purl.org/weso/ontologies/scowt#,scowt,schema
http://purl.org/weso/ontology/computex#,cex,schema
http://purl.org/weso/uni/uni.html#,uni,schema
http://purl.org/wf4ever/ro#,ro,schema
http://purl.org/wf4ever/roevo#,roevo,schema
http://purl.org/wf4ever/roterms#,roterms,schema
http://purl.org/wf4ever/wf4ever#,wf4ever,schema
http://purl.org/wf4ever/wfdesc#,wfdesc,schema
http://purl.org/wf4ever/wfprov#,wfprov,schema
http://purl.org/xro/ns#,xro,schema
http://purl.org/xtypes/,xtypes,schema
http://purl.uniprot.org/core/,uniprot,schema
http://qu.dbpedia.org/property/,qu.dbp,schema
http://qu.dbpedia.org/resource/,qu.dbr,data
http://qudt.org/1.1/schema/qudt#,qud,schema
http://qudt.org/1.1/schema/qudt#,qudt,schema
http://qudt.org/vocab/unit#,unit,schema
http://ramonantonio.net/doac/0.1/#,doac,schema
http://rdaregistry.info/Elements/a/,rdaa,schema
http://rdaregistry.info/Elements/c/,rdac,schema
http://rdaregistry.info/Elements/e/,rdae,schema
http://rdaregistry.info/Elements/i/,rdai,schema
http://rdaregistry.info/Elements/m/,rdam,schema
http://rdaregistry.info/Elements/u/,rdau,schema
http://rdaregistry.info/Elements/w/,rdaw,schema
http://rdf-vocabulary.ddialliance.org/discovery#,disco,schema
http://rdf.alchemyapi.com/rdf/v1/s/aapi-schema#,aapi,schema
http://rdf.alchemyapi.com/rdf/v1/s/aapi-schema#,alchemy,schema
http://rdf.data-vocabulary.org/,rich,schema
http://rdf.data-vocabulary.org/#,dv,schema
http://rdf.data-vocabulary.org/rdf.xml#,rdfdata,schema
http://rdf.ebi.ac.uk/vocabulary/zooma/,zoomaterms,schema
http://rdf.ecs.soton.ac.uk/ontology/ecs#,ecs,schema
http://rdf.freebase.com/ns/,fb,schema
http://rdf.freebase.com/ns/location/geocode/,fbgeo,schema
http://rdf.geospecies.org/methods/observationMethod#,obsm,schema
http://rdf.geospecies.org/ont/geospecies#,geosp,schema
http://rdf.insee.fr/def/demo#,idemo,schema
http://rdf.insee.fr/def/geo#,igeo,schema
http://rdf.muninn-project.org/ontologies/appearances#,aos,schema
http://rdf.muninn-project.org/ontologies/graves#,graves,schema
http://rdf.muninn-project.org/ontologies/jp1/,jp1,schema
http://rdf.muninn-project.org/ontologies/military#,mil,schema
http://rdf.muninn-project.org/ontologies/naval#,naval,schema
http://rdf.muninn-project.org/ontologies/religion#,religion,schema
http://rdf.myexperiment.org/ontologies/base/,meb,schema
http://rdf.myexperiment.org/ontologies/snarm/,snarm,schema
http://rdf.onisep.fr/resource/,onisep,schema
http://rdf.ontology2.com/vocab#,vocab,schema
http://rdf123.umbc.edu/ns/,rdf123,schema
http://rdfdata.eionet.europa.eu/ramon/ontology/,ramon,schema
http://rdflivenews.aksw.org/ontology/,rlno,schema
http://rdflivenews.aksw.org/resource/,rlnr,schema
http://rdfs.co/bevon/,bevon,schema
http://rdfs.org/ns/void#,void,schema
http://rdfs.org/ns/void-ext#,voidext,schema
http://rdfs.org/scot/ns#,scot,schema
http://rdfs.org/sioc/actions#,sioca,schema
http://rdfs.org/sioc/argument#,arg,schema
http://rdfs.org/sioc/ns#,sioc,schema
http://rdfs.org/sioc/services#,siocserv,schema
http://rdfs.org/sioc/types#,sioct,schema
http://rdfs.org/sioc/types#,sioctypes,schema
http://rdfs.org/sioc/types#,tsioc,schema
http://rdfunit.aksw.org/ns/core#,ruto,schema
http://rdvocab.info/Elements/,rdag1,schema
http://rdvocab.info/Elements/,rdagr1,schema
http://rdvocab.info/ElementsGr2/,rdag2,schema
http://rdvocab.info/ElementsGr3/,rdag3,schema
http://rdvocab.info/RDARelationshipsWEMI/,rdarel,schema
http://rdvocab.info/RDARelationshipsWEMI/,rdrel,schema
http://rdvocab.info/roles/,rdarole,schema
http://rdvocab.info/termList/RDACarrierType/,rdacarrier,schema
http://rdvocab.info/termList/RDAContentType/,rdacontent,schema
http://rdvocab.info/termList/RDAMediaType/,rdamedia,schema
http://rdvocab.info/uri/schema/FRBRentitiesRDA/,rdafrbr,schema
http://redfoot.net/2005/session#,session,schema
http://reegle.info/schema#,reegle,schema
http://reference.data.gov.uk/def/central-government/,cgov,schema
http://reference.data.gov.uk/def/intervals/,interval,schema
http://reference.data.gov.uk/def/organogram/,odv,schema
http://reference.data.gov.uk/def/parliament/,parl,schema
http://reference.data.gov.uk/def/payment#,payment,schema
http://reference.data.gov.uk/technical-registry/,pronom,schema
http://resex.rkbexplorer.com/ontologies/resex#,resex,schema
http://resource.geosciml.org/ontology/timescale/gts#,gts,schema
http://resource.geosciml.org/ontology/timescale/thors#,thors,schema
http://rhizomik.net/ontologies/2005/03/Mpeg7-2001.owl#,mpeg7,schema
http://rhizomik.net/ontologies/copyrightonto.owl#,co,schema
http://richard.cyganiak.de/,kontakt,schema
http://richard.cyganiak.de/2007/pubby/config.rdf#,conf,schema
http://rinfo.lagrummet.se/ns/2008/11/rinfo/publ#,rpubl,schema
http://ro.dbpedia.org/property/,ro.dbp,schema
http://ro.dbpedia.org/resource/,ro.dbr,data
http://rs.tdwg.org/dwc/terms/,dwc,schema
http://ru.dbpedia.org/property/,ru.dbp,schema
http://ru.dbpedia.org/resource/,ru.dbr,data
http://rw.dbpedia.org/property/,rw.dbp,schema
http://rw.dbpedia.org/resource/,rw.dbr,data
http://s.zemanta.com/ns#,zem,schema
http://sa.dbpedia.org/property/,sa.dbp,schema
http://sa.dbpedia.org/resource/,sa.dbr,data
http://salt.semanticauthoring.org/ontologies/sao#,sao,schema
http://salt.semanticauthoring.org/ontologies/sdo#,sdo,schema
http://salt.semanticauthoring.org/ontologies/sro#,sro,schema
http://saxon.sf.net/,saxon,schema
http://schema.omg.org/spec/CTS2/1.0/,cts2,schema
http://schema.org/,schema,schema
http://schema.theodi.org/odrs#,odrs,schema
http://schema.wolterskluwer.de/,wkd,schema
http://schemas.microsoft.com/imm/,imm,schema
http://schemas.ogf.org/nml/2013/05/base#,ndl,schema
http://schemas.opengis.net/wfs/,wfs,schema
http://schemas.talis.com/2005/address/schema#,ad,schema
http://schemas.talis.com/2005/address/schema#,address,schema
http://schemas.talis.com/2005/dir/schema#,dir,schema
http://schemas.talis.com/2005/service/schema#,sv,schema
http://schemas.talis.com/2005/user/schema#,user,schema
http://scn.dbpedia.org/property/,scn.dbp,schema
http://scn.dbpedia.org/resource/,scn.dbr,data
http://sco.dbpedia.org/property/,sco.dbp,schema
http://sco.dbpedia.org/resource/,sco.dbr,data
http://scubadive.networld.to/dive.rdf#,dive,schema
http://se.dbpedia.org/property/,se.dbp,schema
http://se.dbpedia.org/resource/,se.dbr,data
http://search.yahoo.com/searchmonkey/commerce/,commerce,schema
http://securitytoolbox.appspot.com/MASO#,maso,schema
http://securitytoolbox.appspot.com/securityAlgorithms#,algo,schema
http://securitytoolbox.appspot.com/securityMain#,security,schema
http://securitytoolbox.appspot.com/stac#,stac,schema
http://semantic-mediawiki.org/swivt/1.0#,swivt,schema
http://semantic.eurobau.com/eurobau-utility.owl#,ebu,schema
http://semanticdiet.com/schema/usda/nndsr/,nndsr,schema
http://semanticscience.org/resource/,sio,schema
http://semantictweet.com/,semtweet,schema
http://semanticweb.cs.vu.nl/2009/11/sem/,sem,schema
http://semanticweb.org/id/,swid,schema
http://semweb.mmlab.be/ns/odapps#,odapps,schema
http://semweb.mmlab.be/ns/oh#,oh,schema
http://semweb.mmlab.be/ns/stoptimes#,st,schema
http://sh.dbpedia.org/property/,sh.dbp,schema
http://sh.dbpedia.org/resource/,sh.dbr,data
http://si.dbpedia.org/property/,si.dbp,schema
http://si.dbpedia.org/resource/,si.dbr,data
http://sig.uw.edu/fma#,fma,schema
http://simile.mit.edu/2003/10/ontologies/artstor#,artstor,schema
http://simile.mit.edu/2003/10/ontologies/vraCore3#,vra,schema
http://simple.dbpedia.org/property/,simple.dbp,schema
http://simple.dbpedia.org/resource/,simple.dbr,data
http://sindice.com/hlisting/0.1/,hlisting,schema
http://sindice.com/vocab/search#,search,schema
http://sites.google.com/site/xgmaitc/,marshall,schema
http://sites.wiwiss.fu-berlin.de/suhl/bizer/d2r-server/config.rdf#,d2r,schema
http://sk.dbpedia.org/property/,sk.dbp,schema
http://sk.dbpedia.org/resource/,sk.dbr,data
http://skipforward.net/skipforward/resource/,skip,schema
http://sl.dbpedia.org/property/,sl.dbp,schema
http://sl.dbpedia.org/resource/,sl.dbr,data
http://sm.dbpedia.org/property/,sm.dbp,schema
http://sm.dbpedia.org/resource/,sm.dbr,data
http://sn.dbpedia.org/property/,sn.dbp,schema
http://sn.dbpedia.org/resource/,sn.dbr,data
http://so.dbpedia.org/property/,so.dbp,schema
http://so.dbpedia.org/resource/,so.dbr,data
http://spatial.ucd.ie/2012/08/osmsemnet/,osmsemnet,schema
http://spatial.ucd.ie/lod/osn/,osn,schema
http://spdx.org/rdf/terms#,spdx,schema
http://spi-fm.uca.es/neologism/cerif#,cerif,schema
http://spi-fm.uca.es/spdef/models/deployment/spcm/1.0#,spcm,schema
http://spi-fm.uca.es/spdef/models/deployment/swpm/1.0#,swpm,schema
http://spi-fm.uca.es/spdef/models/genericTools/itm/1.0#,itm,schema
http://spi-fm.uca.es/spdef/models/genericTools/vmm/1.0#,vmm,schema
http://spi-fm.uca.es/spdef/models/genericTools/wikim/1.0#,wikim,schema
http://spinrdf.org/sp#,sp,schema
http://spinrdf.org/spif#,spif,schema
http://spinrdf.org/spin#,spin,schema
http://spinrdf.org/spl#,spl,schema
http://spitfire-project.eu/ontology/ns/,spt,schema
http://sq.dbpedia.org/property/,sq.dbp,schema
http://sq.dbpedia.org/resource/,sq.dbr,data
http://sr.dbpedia.org/property/,sr.dbp,schema
http://sr.dbpedia.org/resource/,sr.dbr,data
http://srn.dbpedia.org/property/,srn.dbp,schema
http://srn.dbpedia.org/resource/,srn.dbr,data
http://stanbol.apache.org/ontology/disambiguation/disambiguation#,dis,schema
http://stanbol.apache.org/ontology/enhancer/enhancer#,enhancer,schema
http://standaarden.overheid.nl/owms/,overheid,schema
http://stats.data-gov.ie/property/,sdgp,schema
http://strdf.di.uoa.gr/ontology#,strdf,schema
http://su.dbpedia.org/property/,su.dbp,schema
http://su.dbpedia.org/resource/,su.dbr,data
http://sv.dbpedia.org/property/,sv.dbp,schema
http://sv.dbpedia.org/resource/,sv.dbr,data
http://sw-portal.deri.org/ontologies/swportal#,swpo,schema
http://sw.cyc.com/CycAnnotations_v1#,cycann,schema
http://sw.dbpedia.org/property/,sw.dbp,schema
http://sw.dbpedia.org/resource/,sw.dbr,data
http://sw.deri.org/2005/08/conf/cfp.owl#,cfp,schema
http://sw.deri.org/2006/07/location/loc#,location,schema
http://sw.opencyc.org/concept/,cyc,schema
http://swat.cse.lehigh.edu/onto/univ-bench.owl#,sbench,schema
http://swat.cse.lehigh.edu/resources/onto/aigp.owl#,aigp,schema
http://sweet.jpl.nasa.gov/2.0/mathOperation.owl#,oper,schema
http://swpatho.ag-nbi.de/context/meta.owl#,swpatho,schema
http://swrc.ontoware.org/ontology#,swrc,schema
http://sws.geonames.org/,geodata,schema
http://sws.ifi.uio.no/vocab/npd#,npdv,schema
http://szl.dbpedia.org/property/,szl.dbp,schema
http://szl.dbpedia.org/resource/,szl.dbr,data
http://ta.dbpedia.org/property/,ta.dbp,schema
http://ta.dbpedia.org/resource/,ta.dbr,data
http://tackbp.org/2013/ontology#,kbp,schema
http://te.dbpedia.org/property/,te.dbp,schema
http://te.dbpedia.org/resource/,te.dbr,data
http://telegraphis.net/ontology/geography/geography#,geographis,schema
http://telegraphis.net/ontology/measurement/code#,code,schema
http://test2.example.com/,test,schema
http://tg.dbpedia.org/property/,tg.dbp,schema
http://tg.dbpedia.org/resource/,tg.dbr,data
http://th.dbpedia.org/property/,th.dbp,schema
http://th.dbpedia.org/resource/,th.dbr,data
http://this.invalid/test2#,test2,schema
http://tipsy.googlecode.com/svn/trunk/vocab/pmt#,pmt,schema
http://tl.dbpedia.org/property/,tl.dbp,schema
http://tl.dbpedia.org/resource/,tl.dbr,data
http://to.dbpedia.org/property/,to.dbp,schema
http://to.dbpedia.org/resource/,to.dbr,data
http://tobyinkster.co.uk/#,toby,schema
http://topbraid.org/sparqlmotion#,sm,schema
http://topbraid.org/sparqlmotionfunctions#,smf,schema
http://topbraid.org/sparqlmotionlib#,sml,schema
http://tpi.dbpedia.org/property/,tpi.dbp,schema
http://tpi.dbpedia.org/resource/,tpi.dbr,data
http://tr.dbpedia.org/property/,tr.dbp,schema
http://tr.dbpedia.org/resource/,tr.dbr,data
http://trust.utep.edu/visko/ontology/visko-operator-v3.owl#,viskoo,schema
http://trust.utep.edu/visko/ontology/visko-view-v3.owl#,viskov,schema
http://tt.dbpedia.org/property/,tt.dbp,schema
http://tt.dbpedia.org/resource/,tt.dbr,data
http://tum.dbpedia.org/property/,tum.dbp,schema
http://tum.dbpedia.org/resource/,tum.dbr,data
http://tw.rpi.edu/schema/,tw,schema
http://udm.dbpedia.org/property/,udm.dbp,schema
http://udm.dbpedia.org/resource/,udm.dbr,data
http://ug.dbpedia.org/property/,ug.dbp,schema
http://ug.dbpedia.org/resource/,ug.dbr,data
http://uis.270a.info/dataset/,uis,schema
http://uk.dbpedia.org/property/,uk.dbp,schema
http://uk.dbpedia.org/resource/,uk.dbr,data
http://umbel.org/umbel#,umbel,schema
http://umbel.org/umbel/ac/,ac,schema
http://umbel.org/umbel/ne/,ne,schema
http://umbel.org/umbel/rc/,umbelrc,schema
http://upload.wikimedia.org/wikipedia/commons/f/f6/,wikimedia,schema
http://uptheasset.org/ontology#,ass,schema
http://uptheasset.org/ontology#,uta,schema
http://ur.dbpedia.org/property/,ur.dbp,schema
http://ur.dbpedia.org/resource/,ur.dbr,data
http://uri4uri.net/vocab#,uri4uri,schema
http://uriplay.org/spec/ontology/#,play,schema
http://usefulinc.com/ns/doap#,doap,schema
http://users.ugent.be/~tdenies/up/,up,schema
http://users.utcluj.ro/~raluca/ontology/Ontology1279614123500.owl#,lark1,schema
http://users.utcluj.ro/~raluca/rdf_ontologies_ralu/ralu_modified_ontology_pizzas2_0#,anca,schema
http://uz.dbpedia.org/property/,uz.dbp,schema
http://uz.dbpedia.org/resource/,uz.dbr,data
http://vapour.sourceforge.net/vocab.rdf#,vapour,schema
http://vec.dbpedia.org/property/,vec.dbp,schema
http://vec.dbpedia.org/resource/,vec.dbr,data
http://verticalsearchworks.com/ontology/,vsw,schema
http://verticalsearchworks.com/ontology/synset#,vsws,schema
http://vi.dbpedia.org/property/,vi.dbp,schema
http://vi.dbpedia.org/resource/,vi.dbr,data
http://viaf.org/ontology/1.1/#,viaf,schema
http://vitro.mannlib.cornell.edu/ns/vitro/public#,vitro,schema
http://vivoweb.org/ontology/core#,core,schema
http://vivoweb.org/ontology/core#,vivo,schema
http://vls.dbpedia.org/property/,vls.dbp,schema
http://vls.dbpedia.org/resource/,vls.dbr,data
http://vo.dbpedia.org/property/,vo.dbp,schema
http://vo.dbpedia.org/resource/,vo.dbr,data
http://voag.linkedmodel.org/schema/voag#,voag,schema
http://vocab-ld.org/vocab/static-ld#,static,schema
http://vocab.data.gov/def/drm#,drm,schema
http://vocab.data.gov/def/fea#,fea,schema
http://vocab.deri.ie/am#,am,schema
http://vocab.deri.ie/br#,br,schema
http://vocab.deri.ie/c4n#,c4n,schema
http://vocab.deri.ie/cogs#,cogs,schema
http://vocab.deri.ie/csp#,csp,schema
http://vocab.deri.ie/fingal#,fingal,schema
http://vocab.deri.ie/nocal#,nocal,schema
http://vocab.deri.ie/odapp#,odapp,schema
http://vocab.deri.ie/ppo#,ppo,schema
http://vocab.deri.ie/raul#,raul,schema
http://vocab.deri.ie/rooms#,room,schema
http://vocab.deri.ie/rooms#,rooms,schema
http://vocab.deri.ie/sad#,sad,schema
http://vocab.deri.ie/tao#,tao,schema
http://vocab.fusepool.info/fam#,fam,schema
http://vocab.fusepool.info/fp3#,fp3,schema
http://vocab.getty.edu/aat/,aat,schema
http://vocab.getty.edu/ontology#,gvp,schema
http://vocab.getty.edu/tgn/,tgn,schema
http://vocab.getty.edu/ulan/,ulan,schema
http://vocab.gtfs.org/terms#,gtfs,schema
http://vocab.inf.ed.ac.uk/library/holdings#,lh,schema
http://vocab.lenka.no/geo-deling#,geod,schema
http://vocab.lenka.no/geo-deling#,ngeoi,schema
http://vocab.linkeddata.es/datosabiertos/def/sector-publico/territorio#,esadm,schema
http://vocab.linkeddata.es/datosabiertos/def/turismo/alojamiento#,esaloj,schema
http://vocab.linkeddata.es/datosabiertos/def/urbanismo-infraestructuras/callejero#,cjr,schema
http://vocab.linkeddata.es/datosabiertos/def/urbanismo-infraestructuras/callejero#,escjr,schema
http://vocab.linkeddata.es/datosabiertos/def/urbanismo-infraestructuras/transporte#,estrn,schema
http://vocab.linkeddata.es/urbanismo-infraestructuras/territorio#,muni,schema
http://vocab.org/transit/terms/,transit,schema
http://vocab.org/waiver/terms/,wv,schema
http://vocab.org/whisky/terms/,whisky,schema
http://vocab.ouls.ox.ac.uk/projectfunding#,arpfo,schema
http://vocab.ox.ac.uk/camelot#,camelot,schema
http://vocab.ox.ac.uk/ludo#,ludo,schema
http://vocab.ox.ac.uk/projectfunding#,ox,schema
http://vocab.resc.info/communication#,comm,schema
http://vocab.sindice.com/xfn#,xfn,schema
http://vocab.sindice.com/xfn#,xfnv,schema
http://vocab.sindice.net/,sindice,schema
http://vocab.sindice.net/csv/,csv,schema
http://vocabularies.wikipathways.org/,wp,schema
http://vocabularies.wikipathways.org/gpml#,gpml,schema
http://wa.dbpedia.org/property/,wa.dbp,schema
http://wa.dbpedia.org/resource/,wa.dbr,data
http://war.dbpedia.org/property/,war.dbp,schema
http://war.dbpedia.org/resource/,war.dbr,data
http://web-semantics.org/ns/mysql/,mysql,schema
http://web-semantics.org/ns/opensocial#,osoc,schema
http://web.resource.org/rss/1.0/modules/syndication/,rssynd,schema
http://webbox.ecs.soton.ac.uk/ns#,webbox,schema
http://weblab-project.org/core/model/property/processing/,wlp,schema
http://webns.net/mvcb/,admin,schema
http://webofcode.org/wfn/,wfn,schema
http://webofcode.org/wfn/call:,call,schema
http://webtlab.it.uc3m.es/,webtlab,schema
http://webtlab.it.uc3m.es/2010/10/WebAppsOntology#,wao,schema
http://west.uni-koblenz.de/ontologies/2010/07/dgfoaf.owl#,dgfoaf,schema
http://wifo-ravensburg.de/semanticweb.rdf#,rv,schema
http://wiktionary.dbpedia.org/terms/,wikterms,schema
http://wiss-ki.eu/,wisski,schema
http://wo.dbpedia.org/property/,wo.dbp,schema
http://wo.dbpedia.org/resource/,wo.dbr,data
http://wordnet-rdf.princeton.edu/ontology#,wno,schema
http://wordnet-rdf.princeton.edu/wn31/,wn31,schema
http://worldbank.270a.info/classification/,wbc,schema
http://worldbank.270a.info/dataset/,worldbank,schema
http://worldbank.270a.info/property/,wbp,schema
http://wuu.dbpedia.org/property/,wuu.dbp,schema
http://wuu.dbpedia.org/resource/,wuu.dbr,data
http://www.affymetrix.com/community/publications/affymetrix/tmsplice#,affy,schema
http://www.agetec.org/,agetec,schema
http://www.agfa.com/w3c/2009/clinicalEvaluation#,clineva,schema
http://www.agfa.com/w3c/2009/clinicalProcedure#,clinproc,schema
http://www.agfa.com/w3c/2009/drugTherapy#,drug,schema
http://www.agfa.com/w3c/2009/healthCare#,healthcare,schema
http://www.agfa.com/w3c/2009/hemogram#,hemogram,schema
http://www.agfa.com/w3c/2009/hospital#,hospital,schema
http://www.agfa.com/w3c/2009/humanDisorder#,disease,schema
http://www.agfa.com/w3c/2009/infectiousDisorder#,infection,schema
http://www.agfa.com/w3c/2009/malignantNeoplasm#,malignneo,schema
http://www.agls.gov.au/agls/terms/,agls,schema
http://www.aifb.kit.edu/id/,aifb,schema
http://www.aifb.kit.edu/project/ld-retriever/qrl#,qrl,schema
http://www.aktors.org/ontology/portal#,akt,schema
http://www.aktors.org/ontology/support#,akts,schema
http://www.ashutosh.com/test/,card,schema
http://www.awesomesauce.net/urmom/,eat,schema
http://www.bbc.co.uk/ontologies/cms/,bbccms,schema
http://www.bbc.co.uk/ontologies/coreconcepts/,bbccore,schema
http://www.bbc.co.uk/ontologies/news/,bbc,schema
http://www.bbc.co.uk/ontologies/provenance/,bbcprov,schema
http://www.bbc.co.uk/ontologies/sport/,sport,schema
http://www.bigdata.com/rdf/search#,bd,schema
http://www.biopax.org/release/biopax-level3.owl#,biopax,schema
http://www.cidoc-crm.org/cidoc-crm/,crm,schema
http://www.clarin.eu/cmd/,cmdi,schema
http://www.co-ode.org/ontologies/pizza/pizza.owl#,pizza,schema
http://www.co-ode.org/roberts/travel.owl#,travel,schema
http://www.cogsci.princeton.edu/~wn/schema/,wnschema,schema
http://www.contextdatacloud.org/resource/,cdc,schema
http://www.daisy.org/z3998/2012/vocab/,daisy,schema
http://www.daml.org/2001/03/daml+oil#,daml,schema
http://www.daml.org/2001/09/countries/iso-3166-ont#,coun,schema
http://www.daml.org/2001/10/html/airport-ont#,airport,schema
http://www.daml.org/services/owl-s/1.2/Service.owl#,owls,schema
http://www.daml.org/services/owl-s/1.2/generic/Expression.owl#,owlse,schema
http://www.dbs.cs.uni-duesseldorf.de/RDF/relational#,rdb,schema
http://www.dotnetrdf.org/configuration#,dnr,schema
http://www.dotnetrdf.org/leviathan#,lfn,schema
http://www.e-lico.eu/data/kupkb/,kupkb,schema
http://www.ebi.ac.uk/efo/,efo,schema
http://www.ebi.ac.uk/gxa/,gxa,schema
http://www.ebsemantics.net/gastro#,gastro,schema
http://www.ebu.ch/metadata/ontologies/ebucore/ebucore#,ebucore,schema
http://www.ebusiness-unibw.org/ontologies/consumerelectronics/v1#,ceo,schema
http://www.ebusiness-unibw.org/ontologies/eclass/5.1.4/#,eco,schema
http://www.employee.com/data#,employee,schema
http://www.enakting.org/provenance/voidp/,voidp,schema
http://www.ensias.ma/,koly,schema
http://www.essepuntato.it/2008/12/pattern#,pattern,schema
http://www.essepuntato.it/2012/04/tvc/,tvc,schema
http://www.essepuntato.it/2013/03/cito-functions#,citof,schema
http://www.europeana.eu/schemas/edm/,edm,schema
http://www.example.org/,ex,schema
http://www.example.org/lexicon#,lexicon,schema
http://www.example.org/rdf#,example,schema
http://www.example.org/terms/,exterms,schema
http://www.freeclass.eu/freeclass_v1#,fc,schema
http://www.ft.com/ontology/content/,ftcontent,schema
http://www.geneontology.org/go#,go,schema
http://www.geocontext.org/publ/2013/vocab#,geocontext,schema
http://www.geonames.org/ontology#,geonames,schema
http://www.geonames.org/ontology/mappings/,gnm,schema
http://www.georss.org/georss/,georss,schema
http://www.gsi.dit.upm.es/ontologies/marl/ns#,marl,schema
http://www.gsi.dit.upm.es/ontologies/onyx/ns#,onyx,schema
http://www.gutenberg.org/2009/pgterms/,pgterms,schema
http://www.holygoat.co.uk/owl/redwood/0.1/tags/,tag,schema
http://www.icane.es/opendata/vocab#,icane,schema
http://www.ics.forth.gr/isl/VoIDWarehouse/VoID_Extension_Schema.owl#,voidwh,schema
http://www.ifomis.org/bfo/1.1/span#,span,schema
http://www.infosys.com/,infosys,schema
http://www.inria.fr/acacia/corese#,cos,schema
http://www.ipaw.info/ns/picaso#,pic,schema
http://www.isocat.org/datcat/,isocat,schema
http://www.isocat.org/ns/dcr.rdf#,dcr,schema
http://www.joshuajeeson.com/,jjd,schema
http://www.junkwork.net/xml/DocumentList#,doclist,schema
http://www.kanzaki.com/ns/dpd#,dpd,schema
http://www.kanzaki.com/ns/music#,mu,schema
http://www.kanzaki.com/ns/whois#,whois,schema
http://www.language-archives.org/OLAC/1.0/,olac,schema
http://www.language-archives.org/OLAC/1.1/,olac11,schema
http://www.lehigh.edu/~zhp2/2004/0401/univ-bench.owl#,ub,schema
http://www.lexinfo.net/lmf#,lmf,schema
http://www.lexinfo.net/ontology/2.0/lexinfo#,lexinfo,schema
http://www.lingvoj.org/olca#,olca,schema
http://www.lingvoj.org/ontology#,lingvo,schema
http://www.lingvoj.org/semio#,semio,schema
http://www.linked2safety-project.eu/properties/,l2sp,schema
http://www.linkedcode.org/2014/12/linkedcode#,lc,schema
http://www.linkedmodel.org/1.0/schema/decl#,decl,schema
http://www.linkedmodel.org/schema/dtype#,dtype,schema
http://www.linkedmodel.org/schema/vaem#,vaem,schema
http://www.linkedthings.com/iot/,iot,schema
http://www.loa-cnr.it/ontologies/DUL.owl#,dul,schema
http://www.loc.gov/mads/rdf/v1#,mads,schema
http://www.loc.gov/mods/v3#,mods,schema
http://www.loc.gov/zing/srw/,sru,schema
http://www.loc.gov/zing/srw/diagnostic/,diag,schema
http://www.lotico.com/meetup/,meetup,schema
http://www.lotico.com/ontology/,loticoowl,schema
http://www.lotico.com/resource/,lotico,schema
http://www.metadata.net/harmony/ABCSchemaV5Commented.rdf#,abc,schema
http://www.metalex.eu/schema/1.0#,metalex,schema
http://www.mico-project.eu/ns/platform/1.0/schema#,mico,schema
http://www.mit.jyu.fi/ai/TRUST_Ontologies/QA.owl#,qa,schema
http://www.mobile.com/model/,my,schema
http://www.morelab.deusto.es/ontologies/swrcfe#,swrcfe,schema
http://www.music-encoding.org/ns/mei/,mei,schema
http://www.mygrid.org.uk/mygrid-moby-service#,moby,schema
http://www.mygrid.org.uk/ontology#,mygrid,schema
http://www.nanopub.org/nschema#,np,schema
http://www.neclimateus.org/,nxs,schema
http://www.newmedialab.at/fcp/,fcp,schema
http://www.oegov.org/core/owl/cc#,oecc,schema
http://www.oegov.org/core/owl/gc#,gc,schema
http://www.ogbd.fr/2012/ontologie#,ogbd,schema
http://www.onto-med.de/ontologies/gfo.owl#,gfo,schema
http://www.ontologydesignpatterns.org/cp/owl/componency.owl#,cmp,schema
http://www.ontologydesignpatterns.org/cp/owl/informationobjectsandrepresentationlanguages.owl#,irrl,schema
http://www.ontologydesignpatterns.org/cp/owl/informationrealization.owl#,ir,schema
http://www.ontologydesignpatterns.org/cp/owl/participation.owl#,odpart,schema
http://www.ontologydesignpatterns.org/cp/owl/sequence.owl#,seq,schema
http://www.ontologydesignpatterns.org/cp/owl/situation.owl#,sit,schema
http://www.ontologydesignpatterns.org/cp/owl/timeindexedsituation.owl#,tis,schema
http://www.ontologydesignpatterns.org/cp/owl/timeinterval.owl#,ti,schema
http://www.ontologydesignpatterns.org/cpont/ire.owl#,ire,schema
http://www.ontologydesignpatterns.org/ont/dul/IOLite.owl#,iol,schema
http://www.ontologydesignpatterns.org/ont/dul/ontopic.owl#,ontopic,schema
http://www.ontologydesignpatterns.org/ont/lmm/LMM_L1.owl#,lmm1,schema
http://www.ontologydesignpatterns.org/ont/lmm/LMM_L2.owl#,lmm2,schema
http://www.ontologydesignpatterns.org/ont/web/irw.owl#,irw,schema
http://www.ontologydesignpatterns.org/schemas/cpannotationschema.owl#,cpa,schema
http://www.ontologyportal.org/WordNet.owl#,opwn,schema
http://www.ontotext.com/,onto,schema
http://www.ontotext.com/proton/protonext#,pext,schema
http://www.ontotext.com/proton/protonkm#,pkm,schema
http://www.ontotext.com/proton/protonsys#,psys,schema
http://www.ontotext.com/proton/protontop#,ptop,schema
http://www.ontotext.com/trree/owlim#,owlim,schema
http://www.openannotation.org/ns/,oac,schema
http://www.openarchives.org/OAI/2.0/,defns,schema
http://www.openarchives.org/OAI/2.0/friends/,friends,schema
http://www.openarchives.org/ore/terms/,ore,schema
http://www.opengis.net/def/function/geosparql/,geof,schema
http://www.opengis.net/kml/2.2#,kml,schema
http://www.opengis.net/ont/geosparql#,gsp,schema
http://www.opengis.net/ont/gml#,gml,schema
http://www.opengis.net/ont/sf#,sf,schema
http://www.openk.org/wscaim.owl#,wsc,schema
http://www.openk.org/wscaim.owl#,wscaim,schema
http://www.openlinksw.com/campsites/schema#,campsite,schema
http://www.openlinksw.com/ontology/acl#,oplacl,schema
http://www.openlinksw.com/ontology/ecrm#,oplecrm,schema
http://www.openlinksw.com/ontology/licenses#,opllic,schema
http://www.openlinksw.com/ontology/market#,oplmkt,schema
http://www.openlinksw.com/ontology/products#,oplprod,schema
http://www.openlinksw.com/ontology/restrictions#,oplres,schema
http://www.openlinksw.com/schema/sparql/extensions#,bif,schema
http://www.openlinksw.com/schemas/cert#,oplcert,schema
http://www.openlinksw.com/schemas/crunchbase#,oplcb,schema
http://www.openlinksw.com/schemas/virtrdf#,openlinks,schema
http://www.openlinksw.com/ski_resorts/schema#,skiresort,schema
http://www.openlinksw.com/virtrdf-data-formats#,rdfdf,schema
http://www.openmobilealliance.org/tech/profiles/UAPROF/ccppschema-20021212#,prf,schema
http://www.openmobilenetwork.org/resource/,omn,schema
http://www.openrdf.org/config/repository#,rep,schema
http://www.openrdf.org/config/repository/sail#,sr,schema
http://www.openrdf.org/config/sail#,sail,schema
http://www.openrdf.org/config/sail/custom#,custom,schema
http://www.openrdf.org/config/sail/federation#,fed,schema
http://www.openrdf.org/rdf/2009/metadata#,meta,schema
http://www.openrdf.org/rdf/2009/object#,obj,schema
http://www.openrdf.org/schema/serql#,serql,schema
http://www.openrdf.org/schema/sesame#,sesame,schema
http://www.opmw.org/ontology/,opmw,schema
http://www.ordnancesurvey.co.uk/ontology/AdministrativeGeography/v2.0/AdministrativeGeography.rdf#,osag,schema
http://www.ordnancesurvey.co.uk/ontology/Datatypes.owl#,osukdt,schema
http://www.ordnancesurvey.co.uk/ontology/SpatialRelations/v0.2/SpatialRelations.owl#,onssprel,schema
http://www.ordnancesurvey.co.uk/ontology/Topography/v0.1/Topography.owl#,ostop,schema
http://www.owl-ontologies.com/generations.owl#,genea,schema
http://www.padinthecity.com/,ipad,schema
http://www.productontology.org/id/,pto,schema
http://www.proteinontology.info/po.owl#,prot,schema
http://www.provbook.org/ns/#,bk,schema
http://www.purl.org/limo-ontology/limo#,limo,schema
http://www.purl.org/ontologia/eseduc#,eseduc,schema
http://www.rdaregistry.info/,rda,schema
http://www.rdfabout.com/rdf/schema/politico/,politico,schema
http://www.rdfabout.com/rdf/schema/usbill/,bill,schema
http://www.rdfabout.com/rdf/schema/usfec/,fec,schema
http://www.rdfabout.com/rdf/schema/usgovt/,usgov,schema
http://www.rdfabout.com/rdf/schema/vote/,vote,schema
http://www.rdfabout.com/rdf/usgov/geo/us/,govtrackus,schema
http://www.researchspace.org/ontology/,rso,schema
http://www.rkbexplorer.com/ontologies/acm#,acm,schema
http://www.rkbexplorer.com/ontologies/coref#,coref,schema
http://www.rkbexplorer.com/ontologies/resist#,resist,schema
http://www.s3db.org/core#,s3db,schema
http://www.samos.gr/ontologies/helpdeskOnto.owl#,hdo,schema
http://www.semanlink.net/2001/00/semanlink-schema#,sl,schema
http://www.semanticdesktop.org/ontologies/2007/01/19/nie#,nie,schema
http://www.semanticdesktop.org/ontologies/2007/03/22/nco#,nco,schema
http://www.semanticdesktop.org/ontologies/2007/03/22/nfo#,nfo,schema
http://www.semanticdesktop.org/ontologies/2007/03/22/nmo#,nmo,schema
http://www.semanticdesktop.org/ontologies/2007/04/02/ncal#,ncal,schema
http://www.semanticdesktop.org/ontologies/2007/05/10/nexif#,nexif,schema
http://www.semanticdesktop.org/ontologies/2007/05/10/nid3#,nid3,schema
http://www.semanticdesktop.org/ontologies/2007/08/15/nao#,nao,schema
http://www.semanticdesktop.org/ontologies/2007/08/15/nrl#,nrl,schema
http://www.semanticdesktop.org/ontologies/2007/11/01/pimo#,pimo,schema
http://www.semanticdesktop.org/ontologies/2008/05/20/tmo#,tmo,schema
http://www.semanticweb.org/asow/ontologies/2013/9/untitled-ontology-36#,mocanal,schema
http://www.semanticweb.org/ontologies/2008/11/OntologySecurity.owl#,ontosec,schema
http://www.semanticweb.org/ontologies/2010/6/Ontology1279614123500.owl#,remus,schema
http://www.semanticweb.org/ontologies/cheminf.owl#,cheminf,schema
http://www.smileyontology.com/ns#,smiley,schema
http://www.systemone.at/2006/03/wikipedia#,wikipedia,schema
http://www.tei-c.org/ns/1.0/,tei,schema
http://www.telegraphis.net/ontology/geography/geography#,geos,schema
http://www.telegraphis.net/ontology/measurement/measurement#,msr,schema
http://www.telegraphis.net/ontology/measurement/quantity#,quty,schema
http://www.thomsonreuters.com/,tr,schema
http://www.tvblob.com/ratings/#,rating,schema
http://www.w3.org/1999/02/22-rdf-syntax-ns#,rdf,schema
http://www.w3.org/1999/XSL/Transform#,xsl,schema
http://www.w3.org/1999/xhtml#,xhtml,schema
http://www.w3.org/1999/xhtml/vocab#,xhv,schema
http://www.w3.org/1999/xhtml/vocab/,xhtmlvocab,schema
http://www.w3.org/1999/xlink/,xlink,schema
http://www.w3.org/2000/01/rdf-schema#,rdfs,schema
http://www.w3.org/2000/10/annotation-ns#,ann,schema
http://www.w3.org/2000/10/swap/crypto#,crypto,schema
http://www.w3.org/2000/10/swap/list#,list,schema
http://www.w3.org/2000/10/swap/log#,log,schema
http://www.w3.org/2000/10/swap/math#,math,schema
http://www.w3.org/2000/10/swap/os#,os,schema
http://www.w3.org/2000/10/swap/pim/contact#,contact,schema
http://www.w3.org/2000/10/swap/pim/doc#,doc,schema
http://www.w3.org/2000/10/swap/reason#,re,schema
http://www.w3.org/2000/10/swap/set#,set,schema
http://www.w3.org/2000/10/swap/string#,string,schema
http://www.w3.org/2001/02pd/rec54.rdf#,rec54,schema
http://www.w3.org/2001/04/xmlenc#,enc,schema
http://www.w3.org/2001/XMLSchema#,xsd,schema
http://www.w3.org/2001/XMLSchema-instance#,xsi,schema
http://www.w3.org/2001/sw/DataAccess/tests/test-dawg#,dawgt,schema
http://www.w3.org/2001/sw/DataAccess/tests/test-manifest#,mf,schema
http://www.w3.org/2001/sw/hcls/ns/transmed/,transmed,schema
http://www.w3.org/2002/01/bookmark#,bookmark,schema
http://www.w3.org/2002/01/p3prdfv1#,p3p,schema
http://www.w3.org/2002/07/owl#,owl,schema
http://www.w3.org/2002/12/cal/ical#,ical,schema
http://www.w3.org/2002/12/cal/icaltzd#,icaltzd,schema
http://www.w3.org/2002/xforms/,xforms,schema
http://www.w3.org/2003/01/geo/wgs84_pos#,pos,schema
http://www.w3.org/2003/05/soap-envelope/,soap,schema
http://www.w3.org/2003/06/sw-vocab-status/ns#,vs,schema
http://www.w3.org/2003/11/swrl#,swrl,schema
http://www.w3.org/2003/11/swrlb#,swrlb,schema
http://www.w3.org/2003/12/exif/ns#,exif,schema
http://www.w3.org/2003/g/data-view#,grddl,schema
http://www.w3.org/2004/02/image-regions#,imreg,schema
http://www.w3.org/2004/02/skos/core#,skos,schema
http://www.w3.org/2004/03/trix/rdfg-1/,trig,schema
http://www.w3.org/2004/03/trix/swp-2/,swp,schema
http://www.w3.org/2004/06/rei#,rei,schema
http://www.w3.org/2004/09/fresnel#,fresnel,schema
http://www.w3.org/2004/delta#,delta,schema
http://www.w3.org/2004/ql#,ql,schema
http://www.w3.org/2005/01/wai-rdf/GUIRoleTaxonomy#,wairole,schema
http://www.w3.org/2005/01/wf/flow#,flow,schema
http://www.w3.org/2005/07/aaa#,states,schema
http://www.w3.org/2005/11/its/rdf#,itsrdf,schema
http://www.w3.org/2005/Atom/,atom,schema
http://www.w3.org/2005/sparql-results#,res,schema
http://www.w3.org/2005/xpath-functions#,fn,schema
http://www.w3.org/2006/03/wn/wn20/,wn20,schema
http://www.w3.org/2006/03/wn/wn20/schema/,wn20schema,schema
http://www.w3.org/2006/gen/ont#,gen,schema
http://www.w3.org/2006/http#,httpvoc,schema
http://www.w3.org/2006/link#,link,schema
http://www.w3.org/2006/time#,time,schema
http://www.w3.org/2006/time-entry#,te,schema
http://www.w3.org/2006/timezone#,tzont,schema
http://www.w3.org/2006/vcard/ns#,vcard,schema
http://www.w3.org/2007/05/powder#,powder,schema
http://www.w3.org/2007/05/powder-s#,wdrs,schema
http://www.w3.org/2007/ont/httph#,httph,schema
http://www.w3.org/2007/ont/unit#,un,schema
http://www.w3.org/2007/rif#,rif,schema
http://www.w3.org/2007/rif-builtin-action#,act,schema
http://www.w3.org/2007/rif-builtin-function#,func,schema
http://www.w3.org/2007/uwa/context/common.owl#,common,schema
http://www.w3.org/2007/uwa/context/deliverycontext.owl#,dcn,schema
http://www.w3.org/2007/uwa/context/hardware.owl#,hard,schema
http://www.w3.org/2007/uwa/context/java.owl#,java,schema
http://www.w3.org/2007/uwa/context/location.owl#,loc,schema
http://www.w3.org/2007/uwa/context/network.owl#,net,schema
http://www.w3.org/2007/uwa/context/push.owl#,push,schema
http://www.w3.org/2007/uwa/context/software.owl#,soft,schema
http://www.w3.org/2007/uwa/context/web.owl#,web,schema
http://www.w3.org/2008/05/skos#,skos08,schema
http://www.w3.org/2008/05/skos-xl#,skosxl,schema
http://www.w3.org/2008/turtle#,ttl,schema
http://www.w3.org/2009/pointers#,ptr,schema
http://www.w3.org/2011/content#,cnt,schema
http://www.w3.org/2011/http#,http,schema
http://www.w3.org/2011/http-methods#,httpm,schema
http://www.w3.org/2013/ShEx/ns#,shex,schema
http://www.w3.org/People/Berners-Lee/card#,tblcard,schema
http://www.w3.org/TR/2003/PR-owl-guide-20031209/food#,fowl,schema
http://www.w3.org/TR/2003/PR-owl-guide-20031209/wine#,vin,schema
http://www.w3.org/TR/SVG/,sgv,schema
http://www.w3.org/TR/owl-time#,owltime,schema
http://www.w3.org/XML/1998/namespace/,xml,schema
http://www.w3.org/ns/adms#,adms,schema
http://www.w3.org/ns/auth/acl#,acl,schema
http://www.w3.org/ns/auth/cert#,cert,schema
http://www.w3.org/ns/auth/rsa#,rsa,schema
http://www.w3.org/ns/dcat#,dcat,schema
http://www.w3.org/ns/earl#,earl,schema
http://www.w3.org/ns/formats/,formats,schema
http://www.w3.org/ns/hydra/core#,hydra,schema
http://www.w3.org/ns/ldp#,ldp,schema
http://www.w3.org/ns/locn#,locn,schema
http://www.w3.org/ns/ma-ont#,ma,schema
http://www.w3.org/ns/md#,md,schema
http://www.w3.org/ns/oa#,oa,schema
http://www.w3.org/ns/odrl/2/,odrl,schema
http://www.w3.org/ns/openannotation/extensions/,oax,schema
http://www.w3.org/ns/org#,org,schema
http://www.w3.org/ns/people#,gldp,schema
http://www.w3.org/ns/person#,person,schema
http://www.w3.org/ns/prov#,prov,schema
http://www.w3.org/ns/r2rml#,r2rml,schema
http://www.w3.org/ns/r2rml#,rr,schema
http://www.w3.org/ns/rad#,rad,schema
http://www.w3.org/ns/radion#,radion,schema
http://www.w3.org/ns/rdfa#,rdfa,schema
http://www.w3.org/ns/regorg#,rov,schema
http://www.w3.org/ns/sawsdl#,sawsdl,schema
http://www.w3.org/ns/sparql-service-description#,sd,schema
http://www.w3.org/ns/ui#,ui,schema
http://www.w3.org/opengov#,opengov,schema
http://www.who.int/vocab/ontology#,who,schema
http://www.wikidata.org/entity/,wd,schema
http://www.wikidata.org/entity/,wikidata,schema
http://www.wiwiss.fu-berlin.de/suhl/bizer/D2RQ/0.1#,d2rq,schema
http://www.wordnet.dk/owl/instance/2009/03/instances/,dannet,schema
http://www.wsmo.org/ns/wsmo-lite#,wl,schema
http://www.wsmo.org/ns/wsmo-lite#,wsl,schema
http://www.xbrl.org/2003/instance#,xbrli,schema
http://www4.wiwiss.fu-berlin.de/bizer/bsbm/v01/vocabulary/,bsbm,schema
http://www4.wiwiss.fu-berlin.de/bizer/r2r/,r2r,schema
http://www4.wiwiss.fu-berlin.de/cordis/resource/cordis/,cordis,schema
http://www4.wiwiss.fu-berlin.de/dailymed/resource/dailymed/,dailymed,schema
http://www4.wiwiss.fu-berlin.de/diseasome/resource/diseasome/,diseasome,schema
http://www4.wiwiss.fu-berlin.de/drugbank/resource/drugbank/,drugbank,schema
http://www4.wiwiss.fu-berlin.de/factbook/ns#,factbook,schema
http://www4.wiwiss.fu-berlin.de/sider/resource/sider/,sider,schema
http://wwwiti.cs.uni-magdeburg.de/~srahman/,saif,schema
http://xal.dbpedia.org/property/,xal.dbp,schema
http://xal.dbpedia.org/resource/,xal.dbr,data
http://xlime-project.org/vocab/,xlime,schema
http://xmlns.com/aerols/0.1/,aerols,schema
http://xmlns.com/foaf/0.1/,foaf,schema
http://xmlns.com/wordnet/1.6/,wn,schema
http://xmlns.com/wot/0.1/,wot,schema
http://xmlns.notu.be/aair#,aair,schema
http://xxefe.de/,erce,schema
http://yago-knowledge.org/resource/,yago,schema
http://yi.dbpedia.org/property/,yi.dbp,schema
http://yi.dbpedia.org/resource/,yi.dbr,data
http://yo.dbpedia.org/property/,yo.dbp,schema
http://yo.dbpedia.org/resource/,yo.dbr,data
http://yoh.dbpedia.org/property/,yoh.dbp,schema
http://yoh.dbpedia.org/resource/,yoh.dbr,data
http://zbw.eu/beta/p20/vocab/,p20,schema
http://zbw.eu/namespaces/zbw-extensions/,zbwext,schema
http://zeitkunst.org/bibtex/0.1/bibtex.owl#,bib,schema
http://zh-min-nan.dbpedia.org/property/,zh-min-nan.dbp,schema
http://zh-min-nan.dbpedia.org/resource/,zh-min-nan.dbr,data
http://zh-yue.dbpedia.org/property/,zh-yue.dbp,schema
http://zh-yue.dbpedia.org/resource/,zh-yue.dbr,data
http://zh.dbpedia.org/property/,zh.dbp,schema
http://zh.dbpedia.org/resource/,zh.dbr,data
http://zh_min_nan.dbpedia.org/property/,zh_min_nan.dbp,schema
http://zh_min_nan.dbpedia.org/resource/,zh_min_nan.dbr,data
http://zh_yue.dbpedia.org/property/,zh_yue.dbp,schema
http://zh_yue.dbpedia.org/resource/,zh_yue.dbr,data
https://ns.eccenca.com/,ecc,schema
https://vg.no/,namespaces,schema
https://w3id.org/cc#,curr,schema
https://w3id.org/legal_form#,lfov,schema
https://w3id.org/navigation_menu#,navm,schema
https://w3id.org/payswarm#,ps,schema
https://w3id.org/security#,sec,schema
