aair,"http://xmlns.notu.be/aair#"
aapi,"http://rdf.alchemyapi.com/rdf/v1/s/aapi-schema#"
aat,"http://vocab.getty.edu/aat/"
abc,"http://www.metadata.net/harmony/ABCSchemaV5Commented.rdf#"
abs,"http://abs.270a.info/dataset/"
acc,"http://purl.org/NET/acc#"
acco,"http://purl.org/acco/ns#"
ac,"http://umbel.org/umbel/ac/"
acl,"http://www.w3.org/ns/auth/acl#"
acm,"http://www.rkbexplorer.com/ontologies/acm#"
acrt,"http://privatealpha.com/ontology/certification/1#"
act,"http://www.w3.org/2007/rif-builtin-action#"
address,"http://schemas.talis.com/2005/address/schema#"
admingeo,"http://data.ordnancesurvey.co.uk/ontology/admingeo/"
admin,"http://webns.net/mvcb/"
adms,"http://www.w3.org/ns/adms#"
admssw,"http://purl.org/adms/sw/"
aerols,"http://xmlns.com/aerols/0.1/"
aers,"http://aers.data2semantics.org/resource/"
aersv,"http://aers.data2semantics.org/vocab/"
affy,"http://www.affymetrix.com/community/publications/affymetrix/tmsplice#"
affymetrix,"http://bio2rdf.org/affymetrix_vocabulary:"
af,"http://purl.org/ontology/af/"
afn,"http://jena.hpl.hp.com/ARQ/function#"
agent,"http://eulersharp.sourceforge.net/2003/03swap/agent#"
agetec,"http://www.agetec.org/"
agg,"http://purl.org/twc/health/vocab/aggregate/"
agls,"http://www.agls.gov.au/agls/terms/"
agrd,"http://agrinepaldata.com/"
agrelon,"http://d-nb.info/standards/elementset/agrelon#"
agro,"http://agrinepaldata.com/vocab/"
aifb,"http://www.aifb.kit.edu/id/"
aigp,"http://swat.cse.lehigh.edu/resources/onto/aigp.owl#"
aiiso,"http://purl.org/vocab/aiiso/schema#"
aims,"http://aims.fao.org/aos/common/"
air,"http://dig.csail.mit.edu/TAMI/2007/amord/air#"
airport,"http://www.daml.org/2001/10/html/airport-ont#"
airs,"https://raw.githubusercontent.com/airs-linked-data/lov/latest/src/airs_vocabulary.ttl#"
akt,"http://www.aktors.org/ontology/portal#"
aktivesa,"http://sa.aktivespace.org/ontologies/aktivesa#"
akts,"http://www.aktors.org/ontology/support#"
algo,"http://securitytoolbox.appspot.com/securityAlgorithms#"
align,"http://knowledgeweb.semanticweb.org/heterogeneity/alignment#"
amalgame,"http://purl.org/vocabularies/amalgame#"
am,"http://vocab.deri.ie/am#"
amsl,"http://vocab.ub.uni-leipzig.de/amsl/"
anca,"http://users.utcluj.ro/~raluca/rdf_ontologies_ralu/ralu_modified_ontology_pizzas2_0#"
aneo,"http://akonadi-project.org/ontologies/aneo#"
ann,"http://www.w3.org/2000/10/annotation-ns#"
ao,"http://purl.org/ontology/ao/core#"
aos,"http://rdf.muninn-project.org/ontologies/appearances#"
app,"http://jmvanel.free.fr/ontology/software_applications.n3#"
archdesc,"http://archdesc.info/archEvent#"
arch,"http://purl.org/archival/vocab/arch#"
arecipe,"http://purl.org/amicroformat/arecipe/"
arg,"http://rdfs.org/sioc/argument#"
arpfo,"http://vocab.ouls.ox.ac.uk/projectfunding#"
article,"http://ogp.me/ns/article#"
artstor,"http://simile.mit.edu/2003/10/ontologies/artstor#"
asgv,"http://aims.fao.org/aos/agrovoc/"
as,"http://www.w3.org/ns/activitystreams#"
asn,"http://purl.org/ASN/schema/core/"
ass,"http://uptheasset.org/ontology#"
atom,"http://www.w3.org/2005/Atom/"
atomix,"http://buzzword.org.uk/rdf/atomix#"
atomrdf,"http://atomowl.org/ontologies/atomrdf#"
audio,"http://purl.org/media/audio#"
auto,"http://auto.schema.org/"
awol,"http://bblfish.net/work/atom-owl/2006-06-06/#"
aws,"http://purl.oclc.org/NET/ssnx/meteo/aws#"
b2bo,"http://purl.org/b2bo#"
b2rpubchem,"http://bio2rdf.org/ns/ns/ns/pubchem#"
babelnet,"http://babelnet.org/2.0/"
bag,"http://lod.geodan.nl/vocab/bag#"
basic,"http://def.seegrid.csiro.au/isotc211/iso19103/2005/basic#"
bbccms,"http://www.bbc.co.uk/ontologies/cms/"
bbccore,"http://www.bbc.co.uk/ontologies/coreconcepts/"
bbc,"http://www.bbc.co.uk/ontologies/news/"
bbcprov,"http://www.bbc.co.uk/ontologies/provenance/"
bcnbio,"http://datos.bcn.cl/ontologies/bcn-biographies#"
bcncon,"http://datos.bcn.cl/ontologies/bcn-congress#"
bcngeo,"http://datos.bcn.cl/ontologies/bcn-geographics#"
bcnnorms,"http://datos.bcn.cl/ontologies/bcn-norms#"
bco,"http://purl.obolibrary.org/obo/bco.owl#"
bd,"http://www.bigdata.com/rdf#"
being,"http://purl.org/ontomedia/ext/common/being#"
beth,"http://www.google.com/"
bevon,"http://rdfs.co/bevon/"
bf,"http://bibframe.org/vocab/"
bfo,"http://www.ifomis.org/bfo/1.1#"
bgcat,"http://bg.dbpedia.org/resource/Категория:"
bgdbp,"http://bg.dbpedia.org/property/"
bgdbr,"http://bg.dbpedia.org/resource/"
bgn,"http://bibliograph.net/schemas/"
bib,"http://zeitkunst.org/bibtex/0.1/bibtex.owl#"
biblio,"http://purl.org/net/biblio#"
bibo,"http://purl.org/ontology/bibo/"
bibrm,"http://vocab.ub.uni-leipzig.de/bibrm/"
bibtex,"http://purl.oclc.org/NET/nknouf/ns/bibtex#"
bif,"http://www.openlinksw.com/schemas/bif#"
bihap,"http://bihap.kb.gov.tr/ontology/"
bill,"http://www.rdfabout.com/rdf/schema/usbill/"
bing,"http://bing.com/schema/media/"
bio2rdf,"http://bio2rdf.org/"
biocore,"http://bio2rdf.org/core#"
bio,"http://purl.org/vocab/bio/0.1/"
biol,"http://purl.org/NET/biol/ns#"
biopax,"http://www.biopax.org/release/biopax-level3.owl#"
biordf,"http://purl.org/net/biordfmicroarray/ns#"
bioskos,"http://eulersharp.sourceforge.net/2003/03swap/bioSKOSSchemes#"
biotop,"http://purl.org/biotop/biotop.owl#"
biro,"http://purl.org/spar/biro/"
bis,"http://bis.270a.info/dataset/"
bk,"http://www.provbook.org/ns/#"
blt,"http://www.bl.uk/schemas/bibliographic/blterms#"
bmo,"http://collection.britishmuseum.org/id/ontology/"
bne,"http://datos.bne.es/resource/"
bnf,"http://www.w3.org/2000/10/swap/grammar/bnf#"
bn,"http://babelnet.org/rdf/"
book,"http://purl.org/NET/book/vocab#"
bookmark,"http://www.w3.org/2002/01/bookmark#"
botany,"http://purl.org/NET/biol/botany#"
bp,"http://open-services.net/ns/basicProfile#"
br,"http://vocab.deri.ie/br#"
bridge,"http://purl.org/vocommons/bridge#"
bsb,"http://lod.b3kat.de/title/"
bsbm,"http://www4.wiwiss.fu-berlin.de/bizer/bsbm/v01/vocabulary/"
bsym,"http://bsym.bloomberg.com/sym/"
bte,"http://purl.org/twc/vocab/between-the-edges/"
bv,"http://purl.org/vocommons/bv#"
bwb,"http://doc.metalex.eu/bwb/ontology/"
c4dm,"http://purl.org/NET/c4dm/event.owl#"
c4n,"http://vocab.deri.ie/c4n#"
c4o,"http://purl.org/spar/c4o/"
call,"http://webofcode.org/wfn/call:"
calli,"http://callimachusproject.org/rdf/2009/framework#"
camelot,"http://vocab.ox.ac.uk/camelot#"
campsite,"http://www.openlinksw.com/campsites/schema#"
cao,"http://purl.org/makolab/caont/"
caplibacl,"http://schemas.capita-libraries.co.uk/2015/acl/schema#"
card,"http://www.ashutosh.com/test/"
care,"http://eulersharp.sourceforge.net/2003/03swap/care#"
carfo,"http://purl.org/carfo#"
cart,"http://purl.org/net/cartCoord#"
cbase,"http://ontologycentral.com/2010/05/cb/vocab#"
cb,"http://cbasewrap.ontologycentral.com/vocab#"
cbo,"http://comicmeta.org/cbo/"
ccard,"http://purl.org/commerce/creditcard#"
cc,"http://creativecommons.org/ns#"
cco,"http://purl.org/ontology/cco/core#"
ccom,"http://purl.org/ontology/cco/mappings#"
cdc,"http://www.contextdatacloud.org/resource/"
cdm,"http://purl.org/twc/ontology/cdm.owl#"
cdtype,"http://purl.org/cld/cdtype/"
centrifuge,"http://purl.org/twc/vocab/centrifuge#"
ceo,"http://www.ebusiness-unibw.org/ontologies/consumerelectronics/v1#"
cerif,"http://spi-fm.uca.es/neologism/cerif#"
cert,"http://www.w3.org/ns/auth/cert#"
cex,"http://purl.org/weso/computex/ontology#"
cff,"http://purl.oclc.org/NET/ssnx/cf/cf-feature#"
cf,"http://mmisw.org/ont/cf/parameter/"
cfp,"http://sw.deri.org/2005/08/conf/cfp.owl#"
cgov,"http://reference.data.gov.uk/def/central-government/"
chebi,"http://bio2rdf.org/chebi:"
chembl,"http://rdf.ebi.ac.uk/terms/chembl#"
cheminf,"http://www.semanticweb.org/ontologies/cheminf.owl#"
chord,"http://purl.org/ontology/chord/"
cidoccrm,"http://purl.org/NET/cidoc-crm/core#"
cis,"http://purl.org/NET/cloudisus#"
citof,"http://www.essepuntato.it/2013/03/cito-functions#"
cito,"http://purl.org/spar/cito/"
city,"http://datos.localidata.com/def/City#"
cjr,"http://vocab.linkeddata.es/datosabiertos/def/urbanismo-infraestructuras/callejero#"
cld,"http://purl.org/cld/terms/"
cl,"http://advene.org/ns/cinelab/"
climb,"http://climb.dataincubator.org/vocabs/climb/"
clineva,"http://www.agfa.com/w3c/2009/clinicalEvaluation#"
clinproc,"http://www.agfa.com/w3c/2009/clinicalProcedure#"
clirio,"http://clirio.kaerle.com/clirio.owl#"
cmd,"http://clarin.eu/cmd#"
cmdi,"http://www.clarin.eu/cmd/"
cmdm,"http://infra.clarin.eu/cmd/"
cmo,"http://purl.org/twc/ontologies/cmo.owl#"
cmp,"http://www.ontologydesignpatterns.org/cp/owl/componency.owl#"
cnt,"http://www.w3.org/2011/content#"
code,"http://telegraphis.net/ontology/measurement/code#"
coeus,"http://bioinformatics.ua.pt/coeus/"
cogs,"http://vocab.deri.ie/cogs#"
coin,"http://purl.org/court/def/2009/coin#"
cold,"http://purl.org/configurationontology#"
coll,"http://purl.org/co/"
com,"http://purl.org/commerce#"
commerce,"http://search.yahoo.com/searchmonkey/commerce/"
comm,"http://vocab.resc.info/communication#"
common,"http://www.w3.org/2007/uwa/context/common.owl#"
commons,"http://commons.psi.enakting.org/def/"
company,"http://intellimind.io/ns/company#"
compass,"http://purl.org/net/compass#"
condition,"http://www.kinjal.com/condition:"
conf,"http://richard.cyganiak.de/2007/pubby/config.rdf#"
conserv,"http://conserv.deri.ie/ontology#"
contact,"http://www.w3.org/2000/10/swap/pim/contact#"
content,"http://yousuck.ca/"
contsem,"http://contsem.unizar.es/def/sector-publico/contratacion#"
conversion,"http://purl.org/twc/vocab/conversion/"
coo,"http://purl.org/coo/ns#"
cordis,"http://www4.wiwiss.fu-berlin.de/cordis/resource/cordis/"
coref,"http://www.rkbexplorer.com/ontologies/coref#"
cos,"http://www.inria.fr/acacia/corese#"
cosmo,"http://purl.org/ontology/cosmo#"
coun,"http://www.daml.org/2001/09/countries/iso-3166-ont#"
countries,"http://eulersharp.sourceforge.net/2003/03swap/countries#"
courseware,"http://courseware.rkbexplorer.com/ontologies/courseware#"
cpa,"http://www.ontologydesignpatterns.org/schemas/cpannotationschema.owl#"
cpant,"http://purl.org/NET/cpan-uri/terms#"
cpm,"http://catalogus-professorum.org/cpm/"
cpsv,"http://purl.org/vocab/cpsv#"
cpv,"http://purl.org/weso/cpv/"
crmdig,"http://www.ics.forth.gr/isl/CRMext/CRMdig.rdfs/"
crm,"http://www.cidoc-crm.org/cidoc-crm/"
cro,"http://rhizomik.net/ontologies/copyrightonto.owl#"
crtv,"http://open-services.net/ns/crtv#"
crv,"http://purl.org/twc/vocab/datacarver#"
crypto,"http://www.w3.org/2000/10/swap/crypto#"
csdbp,"http://cs.dbpedia.org/"
cs,"http://purl.org/vocab/changeset/schema#"
csm,"http://purl.org/csm/1.0#"
csp,"http://vocab.deri.ie/csp#"
csv,"http://vocab.sindice.net/csv/"
csvw,"http://www.w3.org/ns/csvw#"
ctag,"http://commontag.org/ns#"
ct,"http://data.linkedct.org/resource/linkedct/"
ctorg,"http://purl.org/ctic/infraestructuras/organizacion#"
cts2,"http://schema.omg.org/spec/CTS2/1.0/"
curr,"https://w3id.org/cc#"
custom,"http://www.openrdf.org/config/sail/custom#"
cvbase,"http://purl.org/captsolo/resume-rdf/0.2/base#"
cv,"http://rdfs.org/resume-rdf/"
cwl,"https://w3id.org/cwl/cwl#"
cwork,"http://www.bbc.co.uk/ontologies/creativework/"
cycann,"http://sw.cyc.com/CycAnnotations_v1#"
cyc,"http://sw.opencyc.org/concept/"
d0,"http://ontologydesignpatterns.org/ont/wikipedia/d0.owl#"
d2d,"http://rdfns.org/d2d/"
d2r,"http://sites.wiwiss.fu-berlin.de/suhl/bizer/d2r-server/config.rdf#"
d2rq,"http://www.wiwiss.fu-berlin.de/suhl/bizer/D2RQ/0.1#"
dady,"http://purl.org/NET/dady#"
daia,"http://purl.org/ontology/daia/"
daiaserv,"http://purl.org/ontology/daia/Service/"
dailymed,"http://www4.wiwiss.fu-berlin.de/dailymed/resource/dailymed/"
daisy,"http://www.daisy.org/z3998/2012/vocab/"
daml,"http://www.daml.org/2001/03/daml+oil#"
dannet,"http://www.wordnet.dk/owl/instance/2009/03/instances/"
daq,"http://purl.org/eis/vocab/daq#"
datafaqs,"http://purl.org/twc/vocab/datafaqs#"
date,"http://contextus.net/ontology/ontomedia/misc/date#"
dawgt,"http://www.w3.org/2001/sw/DataAccess/tests/test-dawg#"
days,"http://ontologi.es/days#"
dayta,"http://dayta.me/resource#"
dbc,"http://dbpedia.org/resource/Category:"
db,"http://dbpedia.org/"
dblp,"http://dblp.uni-trier.de/rdf/schema-2015-01-26#"
dbnary,"http://kaiko.getalp.org/dbnary#"
dbo,"http://dbpedia.org/ontology/"
dbpediaowl,"http://dbpedia.org/owl/"
dbp,"http://dbpedia.org/property/"
dbr,"http://dbpedia.org/resource/"
dbt,"http://dbpedia.org/resource/Template:"
dbtont,"http://dbtropes.org/ont/"
dbug,"http://ontologi.es/doap-bugs#"
dbyago,"http://dbpedia.org/class/yago/"
dc,"http://purl.org/dc/elements/1.1/"
dcam,"http://purl.org/dc/dcam/"
dcat,"http://www.w3.org/ns/dcat#"
dcite,"http://purl.org/spar/datacite/"
dcm,"http://dcm.com/"
dcmit,"http://purl.org/dc/dcmitype/"
dcndl,"http://ndl.go.jp/dcndl/terms/"
dcn,"http://www.w3.org/2007/uwa/context/deliverycontext.owl#"
dco,"http://info.deepcarbon.net/schema#"
dcoid,"http://dx.deepcarbon.net/"
dcq,"http://purl.org/dc/qualifiers/1.0/"
dcr,"http://www.isocat.org/ns/dcr.rdf#"
dcs,"http://ontologi.es/doap-changeset#"
dct,"http://purl.org/dc/terms/"
ddc,"http://purl.org/NET/decimalised#"
ddl,"http://purl.org/vocab/riro/ddl#"
decision,"https://decision-ontology.googlecode.com/svn/trunk/decision.owl#"
decl,"http://www.linkedmodel.org/1.0/schema/decl#"
defns,"http://www.openarchives.org/OAI/2.0/"
delta,"http://www.w3.org/2004/delta#"
demlab,"http://www.demcare.eu/ontologies/demlab.owl#"
deo,"http://purl.org/spar/deo/"
deps,"http://ontologi.es/doap-deps#"
derecho,"http://purl.org/derecho#"
dgfoaf,"http://west.uni-koblenz.de/ontologies/2010/07/dgfoaf.owl#"
dgfr,"http://colin.maudry.com/ontologies/dgfr#"
dgtwc,"http://data-gov.tw.rpi.edu/2009/data-gov-twc.rdf#"
diag,"http://www.loc.gov/zing/srw/diagnostic/"
dicera,"http://semweb.mmlab.be/ns/dicera#"
dicom,"http://purl.org/healthcarevocab/v1#"
dir,"http://schemas.talis.com/2005/dir/schema#"
disco,"http://rdf-vocabulary.ddialliance.org/discovery#"
disease,"http://www.agfa.com/w3c/2009/humanDisorder#"
diseasome,"http://www4.wiwiss.fu-berlin.de/diseasome/resource/diseasome/"
dis,"http://stanbol.apache.org/ontology/disambiguation/disambiguation#"
dita,"http://purl.org/dita/ns#"
dive,"http://scubadive.networld.to/dive.rdf#"
dl,"http://ontology.ip.rm.cnr.it/ontologies/DOLCE-Lite#"
dm2e,"http://onto.dm2e.eu/schemas/dm2e/"
dn,"http://purl.org/datanode/ns/"
dnr,"http://www.dotnetrdf.org/configuration#"
doac,"http://ramonantonio.net/doac/0.1/#"
doap,"http://usefulinc.com/ns/doap#"
doas,"http://deductions-software.com/ontologies/doas.owl.ttl#"
doc,"http://www.w3.org/2000/10/swap/pim/doc#"
doclist,"http://www.junkwork.net/xml/DocumentList#"
doco,"http://purl.org/spar/doco/"
dogont,"http://elite.polito.it/ontologies/dogont.owl#"
door,"http://kannel.open.ac.uk/ontology#"
dpc,"http://hospee.org/ontologies/dpc/"
dpd,"http://www.kanzaki.com/ns/dpd#"
dpl,"http://dbpedialite.org/things/"
dq,"http://def.seegrid.csiro.au/isotc211/iso19115/2003/dataquality#"
dqm,"http://purl.org/dqm-vocabulary/v1/dqm#"
dr,"http://purl.org/swan/2.0/discourse-relationships/"
drm,"http://vocab.data.gov/def/drm#"
drugbank,"http://www4.wiwiss.fu-berlin.de/drugbank/resource/drugbank/"
drug,"http://www.agfa.com/w3c/2009/drugTherapy#"
ds,"http://purl.org/ctic/dcat#"
dsn,"http://purl.org/dsnotify/vocab/eventset/"
dso,"http://purl.org/ontology/dso#"
dsp,"http://purl.org/metainfo/terms/dsp#"
dssn,"http://purl.org/net/dssn/"
dt,"http://dbpedia.org/datatype/"
dtype,"http://www.linkedmodel.org/schema/dtype#"
dul,"http://www.loa-cnr.it/ontologies/DUL.owl#"
dummy,"http://hello.com/"
dv,"http://rdf.data-vocabulary.org/#"
dvia,"http://data.eurecom.fr/ontology/dvia#"
dwc,"http://rs.tdwg.org/dwc/terms/"
ean,"http://openean.kaufkauf.net/id/"
earl,"http://www.w3.org/ns/earl#"
eat,"http://www.awesomesauce.net/urmom/"
ebucore,"http://www.ebu.ch/metadata/ontologies/ebucore/ebucore#"
ebu,"http://semantic.eurobau.com/eurobau-utility.owl#"
ecb,"http://ecb.270a.info/class/1.0/"
eccauth,"https://vocab.eccenca.com/auth/"
eccdi,"https://vocab.eccenca.com/di/"
ecc,"https://ns.eccenca.com/"
eccrev,"https://vocab.eccenca.com/revision/"
ecglview,"http://schema.geolink.org/view/"
ec,"http://eulergui.sourceforge.net/contacts.owl.n3#"
eclap,"http://www.eclap.eu/schema/eclap/"
eco,"http://www.ebusiness-unibw.org/ontologies/eclass/5.1.4/#"
ecos,"http://kmm.lboro.ac.uk/ecos/1.0#"
ecpo,"http://purl.org/ontology/ecpo#"
ecrm,"http://erlangen-crm.org/current/"
ecs,"http://rdf.ecs.soton.ac.uk/ontology/ecs#"
edam,"http://purl.bioontology.org/ontology/EDAM/"
edgarcik,"http://edgarwrap.ontologycentral.com/cik/"
edgar,"http://edgarwrap.ontologycentral.com/vocab/edgar#"
edm,"http://www.europeana.eu/schemas/edm/"
efd,"http://data.foodanddrinkeurope.eu/ontology#"
efo,"http://www.ebi.ac.uk/efo/"
eg,"http://eulergui.sourceforge.net/engine.owl#"
ekaw,"http://data.semanticweb.org/conference/ekaw/2012/complete/"
elec,"http://purl.org/ctic/sector-publico/elecciones#"
elog,"http://eulersharp.sourceforge.net/2003/03swap/log-rules#"
emoca,"http://ns.inria.fr/emoca#"
emp,"http://purl.org/ctic/empleo/oferta#"
employee,"http://www.employee.com/data#"
emtr,"http://purl.org/NET/ssnext/electricmeters#"
enc,"http://www.w3.org/2001/04/xmlenc#"
ends,"http://labs.mondeca.com/vocab/endpointStatus#"
enhancer,"http://stanbol.apache.org/ontology/enhancer/enhancer#"
ens,"http://models.okkam.org/ENS-core-vocabulary.owl#"
environ,"http://eulersharp.sourceforge.net/2003/03swap/environment#"
eprints,"http://eprints.org/ontology/"
erce,"http://xxefe.de/"
esadm,"http://vocab.linkeddata.es/datosabiertos/def/sector-publico/territorio#"
esaloj,"http://vocab.linkeddata.es/datosabiertos/def/turismo/alojamiento#"
esapar,"http://vocab.linkeddata.es/datosabiertos/def/urbanismo-infraestructuras/aparcamiento#"
esco,"http://data.europa.eu/esco/model#"
escom,"http://vocab.linkeddata.es/datosabiertos/def/comercio/tejidoComercial#"
esd,"http://def.esd.org.uk/"
esdir,"http://vocab.linkeddata.es/datosabiertos/def/urbanismo-infraestructuras/direccionPostal#"
eseduc,"http://www.purl.org/ontologia/eseduc#"
esequip,"http://vocab.linkeddata.es/datosabiertos/def/urbanismo-infraestructuras/equipamiento#"
espresup,"http://vocab.linkeddata.es/datosabiertos/def/hacienda/presupuestos#"
essglobal,"http://purl.org/essglobal/vocab/v1.0/"
estatwrap,"http://ontologycentral.com/2009/01/eurostat/ns#"
estrf,"http://vocab.linkeddata.es/datosabiertos/def/transporte/trafico#"
estrn,"http://vocab.linkeddata.es/datosabiertos/def/urbanismo-infraestructuras/transporte#"
eui,"http://institutions.publicdata.eu/#"
eumida,"http://data.kasabi.com/dataset/eumida/terms/"
eunis,"http://eunis.eea.europa.eu/rdf/species-schema.rdf#"
eurlex,"http://eur-lex.publicdata.eu/ontology/"
eurostat,"http://wifo5-04.informatik.uni-mannheim.de/eurostat/resource/eurostat/"
events,"http://eulersharp.sourceforge.net/2003/03swap/event#"
ev,"http://www.w3.org/2001/xml-events/"
evident,"http://purl.org/net/evident#"
evopat,"http://ns.aksw.org/Evolution/"
evset,"http://dsnotify.org/vocab/eventset/0.1/"
example,"http://www.example.org/rdf#"
ex,"http://example.org/"
exif,"http://www.w3.org/2003/12/exif/ns#"
exterms,"http://www.example.org/terms/"
ext,"http://def.seegrid.csiro.au/isotc211/iso19115/2003/extent#"
eye,"http://jena.hpl.hp.com/Eyeball#"
ezcontext,"http://ontologies.ezweb.morfeo-project.org/ezcontext/ns#"
eztag,"http://ontologies.ezweb.morfeo-project.org/eztag/ns#"
fab,"http://purl.org/fab/ns#"
fabio,"http://purl.org/spar/fabio/"
factbook,"http://wifo5-04.informatik.uni-mannheim.de/factbook/ns#"
faldo,"http://biohackathon.org/resource/faldo#"
fam,"http://vocab.fusepool.info/fam#"
fao,"http://fao.270a.info/dataset/"
faq,"http://www.openlinksw.com/ontology/faq#"
fbgeo,"http://rdf.freebase.com/ns/location/geocode/"
fc,"http://www.freeclass.eu/freeclass_v1#"
fcm,"http://eulersharp.sourceforge.net/2006/02swap/fcm#"
fcp,"http://www.newmedialab.at/fcp/"
fcs,"http://clarin.eu/fcs/resource#"
fct,"http://openlinksw.com/services/facets/1.0/"
fdbp,"http://fr.dbpedia.org/property/"
fd,"http://foodable.co/ns/"
fea,"http://vocab.data.gov/def/fea#"
fec,"http://www.rdfabout.com/rdf/schema/usfec/"
fed,"http://www.openrdf.org/config/sail/federation#"
fe,"http://www.ontologydesignpatterns.org/ont/framenet/abox/fe/"
figigii,"http://www.omg.org/spec/FIGI/GlobalInstrumentIdentifiers/"
fincaselaw,"http://purl.org/finlex/schema/oikeus/"
fingal,"http://vocab.deri.ie/fingal#"
finlaw,"http://purl.org/finlex/schema/laki/"
fise,"http://fise.iks-project.eu/ontology/"
fl,"http://eulersharp.sourceforge.net/2003/03swap/fl-rules#"
flow,"http://www.w3.org/2005/01/wf/flow#"
fls,"http://lukasblaho.sk/football_league_schema#"
fluidops,"http://www.fluidops.com/"
fma,"http://sig.uw.edu/fma#"
fnabox,"http://www.ontologydesignpatterns.org/ont/framenet/abox/"
fn,"http://www.w3.org/2005/xpath-functions#"
fntbox,"http://www.ontologydesignpatterns.org/ont/framenet/tbox/"
foaf,"http://xmlns.com/foaf/0.1/"
food,"http://purl.org/foodontology#"
foo,"http://filmontology.org/ontology/1.0/"
formats,"http://www.w3.org/ns/formats/"
form,"http://deductions-software.com/ontologies/forms.owl.ttl#"
fos,"http://futurios.org/fos/spec/"
fowl,"http://www.w3.org/TR/2003/PR-owl-guide-20031209/food#"
fp3,"http://vocab.fusepool.info/fp3#"
frad,"http://iflastandards.info/ns/fr/frad/"
frame,"http://www.ontologydesignpatterns.org/ont/framenet/abox/frame/"
frapo,"http://purl.org/cerif/frapo/"
frb,"http://frb.270a.info/dataset/"
frbre,"http://purl.org/vocab/frbr/extended#"
frbrer,"http://iflastandards.info/ns/fr/frbr/frbrer/"
frbr,"http://purl.org/vocab/frbr/core#"
freebase,"http://rdf.freebase.com/ns/"
fresnel,"http://www.w3.org/2004/09/fresnel#"
friends,"http://www.openarchives.org/OAI/2.0/friends/"
frir,"http://purl.org/twc/ontology/frir.owl#"
frsad,"http://iflastandards.info/ns/fr/frsad/"
ftcontent,"http://www.ft.com/ontology/content/"
func,"http://www.w3.org/2007/rif-builtin-function#"
gadm,"http://gadm.geovocab.org/ontology#"
gaf,"http://groundedannotationframework.org/"
galaksiya,"http://ontoloji.galaksiya.com/vocab/"
game,"http://data.totl.net/game/"
gastro,"http://www.ebsemantics.net/gastro#"
gawd,"http://gawd.atlantides.org/terms/"
gazetteer,"http://data.ordnancesurvey.co.uk/ontology/50kGazetteer/"
gbv,"http://purl.org/ontology/gbv/"
gc,"http://www.oegov.org/core/owl/gc#"
gcis,"http://data.globalchange.gov/gcis.owl#"
gelo,"http://krauthammerlab.med.yale.edu/ontologies/gelo#"
genab,"http://eulersharp.sourceforge.net/2003/03swap/genomeAbnormality#"
genea,"http://www.owl-ontologies.com/generations.owl#"
gen,"http://www.w3.org/2006/gen/ont#"
geocontext,"http://www.geocontext.org/publ/2013/vocab#"
geodata,"http://sws.geonames.org/"
geod,"http://vocab.lenka.no/geo-deling#"
geoes,"http://geo.linkeddata.es/ontology/"
geof,"http://www.opengis.net/def/function/geosparql/"
geofla,"http://data.ign.fr/ontologies/geofla#"
geographis,"http://telegraphis.net/ontology/geography/geography#"
geojson,"http://ld.geojson.org/vocab#"
geom,"http://geovocab.org/geometry#"
geonames,"http://www.geonames.org/ontology#"
geop,"http://aims.fao.org/aos/geopolitical.owl#"
georss,"http://www.georss.org/georss/"
geos,"http://www.telegraphis.net/ontology/geography/geography#"
geosparql,"http://www.opengis.net/ont/geosparql#"
geospecies,"http://rdf.geospecies.org/ont/geospecies#"
geovocab,"http://geovocab.org/"
geovoid,"http://purl.org/geovocamp/ontology/geovoid/"
germplasm,"http://purl.org/germplasm/terms#"
gesis,"http://lod.gesis.org/lodpilot/ALLBUS/vocab.rdf#"
gf,"http://def.seegrid.csiro.au/isotc211/iso19109/2005/feature#"
gfo,"http://www.onto-med.de/ontologies/gfo.owl#"
gist,"http://ontologies.semanticarts.com/gist#"
giving,"http://ontologi.es/giving#"
gldp,"http://www.w3.org/ns/people#"
gl,"http://schema.geolink.org/"
glview,"http://schema.geolink.org/dev/view/"
gm,"http://def.seegrid.csiro.au/isotc211/iso19107/2003/geometry#"
gml,"http://www.opengis.net/ont/gml#"
gnd,"http://d-nb.info/gnd/"
gndo,"http://d-nb.info/standards/elementset/gnd#"
gnm,"http://www.geonames.org/ontology/mappings/"
gnvc,"http://purl.org/gc/"
goef,"http://purl.org/twc/vocab/goef#"
go,"http://purl.org/obo/owl/GO#"
gold,"http://purl.org/linguistics/gold/"
gont,"https://gont.ch/"
gov,"http://gov.genealogy.net/ontology.owl#"
govtrackus,"http://www.rdfabout.com/rdf/usgov/geo/us/"
govwild,"http://govwild.org/0.6/GWOntology.rdf/"
gpml,"http://vocabularies.wikipathways.org/gpml#"
gpt,"http://purl.org/vocab/riro/gpt#"
gq,"http://genomequest.com/"
graffle,"http://purl.org/twc/vocab/vsr/graffle#"
granatum,"http://chem.deri.ie/granatum/"
graves,"http://rdf.muninn-project.org/ontologies/graves#"
grddl,"http://www.w3.org/2003/g/data-view#"
greg,"http://kasei.us/about/foaf.xrdf#"
gr,"http://purl.org/goodrelations/v1#"
gridworks,"http://purl.org/net/opmv/types/gridworks#"
gtfs,"http://vocab.gtfs.org/terms#"
gts,"http://resource.geosciml.org/ontology/timescale/gts#"
guo,"http://purl.org/hpi/guo#"
gvp,"http://vocab.getty.edu/ontology#"
gxa,"http://www.ebi.ac.uk/gxa/"
h2o,"http://def.seegrid.csiro.au/isotc211/iso19150/-2/2012/basic#"
h5,"http://buzzword.org.uk/rdf/h5#"
ha,"http://sensormeasurement.appspot.com/ont/home/homeActivity#"
hard,"http://www.w3.org/2007/uwa/context/hardware.owl#"
harrisons,"http://harrisons.cc/"
hasneto,"http://hadatac.org/ont/hasneto#"
hcard,"http://purl.org/uF/hCard/terms/"
hdo,"http://www.samos.gr/ontologies/helpdeskOnto.owl#"
healthcare,"http://www.agfa.com/w3c/2009/healthCare#"
health,"http://purl.org/twc/health/vocab/"
hemogram,"http://www.agfa.com/w3c/2009/hemogram#"
hgnc,"http://bio2rdf.org/hgnc:"
hifm,"http://purl.org/net/hifm/data#"
hints2005,"http://purl.org/twc/cabig/model/HINTS2005-1.owl#"
hlisting,"http://sindice.com/hlisting/0.1/"
hlygt,"http://www.holygoat.co.uk/owl/redwood/0.1/tags/"
holding,"http://purl.org/ontology/holding#"
hospital,"http://www.agfa.com/w3c/2009/hospital#"
hp,"http://pictogram.tokyo/vocabulary#"
hr,"http://iserve.kmi.open.ac.uk/ns/hrests#"
httph,"http://www.w3.org/2007/ont/httph#"
http,"http://www.w3.org/2011/http#"
httpm,"http://www.w3.org/2011/http-methods#"
httpvoc,"http://www.w3.org/2006/http#"
humanbody,"http://eulersharp.sourceforge.net/2003/03swap/humanBody#"
human,"http://eulersharp.sourceforge.net/2003/03swap/human#"
hxl,"http://hxl.humanitarianresponse.info/ns/#"
hydra,"http://www.w3.org/ns/hydra/core#"
iao,"http://purl.obolibrary.org/obo/iao.owl#"
ibis,"http://purl.org/ibis#"
ical,"http://www.w3.org/2002/12/cal/ical#"
icaltzd,"http://www.w3.org/2002/12/cal/icaltzd#"
icane,"http://www.icane.es/opendata/vocab#"
ic,"http://imi.ipa.go.jp/ns/core/210#"
idemo,"http://rdf.insee.fr/def/demo#"
identity,"http://purl.org/twc/ontologies/identity.owl#"
igeo,"http://rdf.insee.fr/def/geo#"
ignf,"http://data.ign.fr/def/ignf#"
ilap,"http://data.posccaesar.org/ilap/"
imf,"http://imf.270a.info/dataset/"
imind,"http://schema.intellimind.ns/symbology#"
imm,"http://schemas.microsoft.com/imm/"
imreg,"http://www.w3.org/2004/02/image-regions#"
incident,"http://vocab.resc.info/incident#"
infection,"http://www.agfa.com/w3c/2009/infectiousDisorder#"
infor,"http://www.ontologydesignpatterns.org/cp/owl/informationrealization.owl#"
infosys,"http://www.infosys.com/"
inno,"http://purl.org/innovation/ns#"
insdc,"http://ddbj.nig.ac.jp/ontologies/sequence#"
intervals,"http://reference.data.gov.uk/def/intervals/"
iol,"http://www.ontologydesignpatterns.org/ont/dul/IOLite.owl#"
iot,"http://www.linkedthings.com/iot/"
ipad,"http://www.padinthecity.com/"
ire,"http://www.ontologydesignpatterns.org/cpont/ire.owl#"
iron,"http://purl.org/ontology/iron#"
irrl,"http://www.ontologydesignpatterns.org/cp/owl/informationobjectsandrepresentationlanguages.owl#"
irstea,"http://ontology.irstea.fr/"
irsteaont,"http://ontology.irstea.fr/weather/ontology#"
irw,"http://www.ontologydesignpatterns.org/ont/web/irw.owl#"
isbd,"http://iflastandards.info/ns/isbd/elements/"
isbdu,"http://iflastandards.info/ns/isbd/unc/elements/"
is,"http://purl.org/ontology/is/core#"
isi,"http://purl.org/ontology/is/inst/"
isocat,"http://www.isocat.org/datcat/"
isothes,"http://purl.org/iso25964/skos-thes#"
isq,"http://purl.org/ontology/is/quality/"
ist,"http://purl.org/ontology/is/types/"
iswc,"http://annotation.semanticweb.org/2004/iswc#"
italy,"http://data.kasabi.com/dataset/italy/schema/"
itcat,"http://th-brandenburg.de/ns/itcat#"
itm,"http://spi-fm.uca.es/spdef/models/genericTools/itm/1.0#"
itsmo,"http://ontology.it/itsmo/v1#"
itsrdf,"http://www.w3.org/2005/11/its/rdf#"
java,"http://www.w3.org/2007/uwa/context/java.owl#"
jdbc,"http://d2rq.org/terms/jdbc/"
jerm,"http://www.mygrid.org.uk/ontology/JERMOntology#"
jita,"http://aims.fao.org/aos/jita/"
jjd,"http://www.joshuajeeson.com/"
jp1,"http://rdf.muninn-project.org/ontologies/jp1/"
kai,"http://kai.uni-kiel.de/"
kb,"http://deductions.sf.net/ontology/knowledge_base.owl#"
kbp,"http://tackbp.org/2013/ontology#"
kdo,"http://kdo.render-project.eu/kdo#"
kegg,"http://bio2rdf.org/ns/kegg#"
keys,"http://purl.org/NET/c4dm/keys.owl#"
kml,"http://www.opengis.net/kml/2.2#"
koly,"http://www.ensias.ma/"
kontakt,"http://richard.cyganiak.de/"
kupkb,"http://www.e-lico.eu/data/kupkb/"
kw,"http://kwantu.net/kw/"
kwijibo,"http://kwijibo.talis.com/"
l2sp,"http://www.linked2safety-project.eu/properties/"
l4a,"http://labels4all.info/ns/"
l4lod,"http://ns.inria.fr/l4lod/v2/"
label,"http://purl.org/net/vocab/2004/03/label#"
lang,"http://ontologi.es/lang/core#"
language,"http://id.loc.gov/vocabulary/iso639-1/"
languages,"http://eulersharp.sourceforge.net/2003/03swap/languages#"
laposte,"http://data.lirmm.fr/ontologies/laposte#"
lark1,"http://users.utcluj.ro/~raluca/ontology/Ontology1279614123500.owl#"
lastfm,"http://purl.org/ontology/last-fm/"
lawd,"http://lawd.info/ontology/"
lcdr,"http://ns.lucid-project.org/revision/"
lc,"http://semweb.mmlab.be/ns/linkedconnections#"
lctr,"http://data.linkedct.org/vocab/resource/"
lda,"http://purl.org/linked-data/api/vocab#"
ldap,"http://purl.org/net/ldap/"
lden,"http://www.linklion.org/lden/"
ldp,"http://www.w3.org/ns/ldp#"
ldr,"http://purl.oclc.org/NET/ldr/ns#"
ldvm,"http://linked.opendata.cz/ontology/ldvm/"
lemon,"http://lemon-model.net/lemon#"
lemonuby,"http://lemon-model.net/lexica/uby/"
lexcz,"http://purl.org/lex/cz#"
lex,"http://purl.org/lex#"
lexicon,"http://www.example.org/lexicon#"
lexinfo,"http://www.lexinfo.net/ontology/2.0/lexinfo#"
lexvo,"http://lexvo.org/ontology#"
lfn,"http://www.dotnetrdf.org/leviathan#"
lfov,"https://w3id.org/legal_form#"
lgdm,"http://linkedgeodata.org/meta/"
lgdo,"http://linkedgeodata.org/ontology/"
lgdt,"http://linkedgeodata.org/triplify/"
lheo,"http://www.conjecto.com/ontology/2015/lheo#"
lh,"http://vocab.inf.ed.ac.uk/library/holdings#"
lib,"http://purl.org/library/"
lifecycle,"http://purl.org/vocab/lifecycle/schema#"
life,"http://life.deri.ie/schema/"
li,"http://def.seegrid.csiro.au/isotc211/iso19115/2003/lineage#"
like,"http://ontologi.es/like#"
lime,"http://art.uniroma2.it/ontologies/lime#"
limo,"http://www.purl.org/limo-ontology/limo#"
limoo,"http://purl.org/LiMo/0.1/"
lindt,"http://purl.org/NET/lindt#"
ling,"http://purl.org/voc/ling/"
lingvoj,"http://www.lingvoj.org/ontology#"
linkedct,"http://data.linkedct.org/vocab/"
linkedmdb,"http://data.linkedmdb.org/sparql/"
link,"http://www.w3.org/2006/link#"
lio,"http://purl.org/net/lio#"
list,"http://www.w3.org/2000/10/swap/list#"
ljkl,"http://teste.com/"
lldr,"http://purl.oclc.org/NET/lldr/ns#"
lld,"http://download.lodlaundromat.org/"
llm,"http://lodlaundromat.org/metrics/ontology/"
llo,"http://lodlaundromat.org/ontology/"
llr,"http://lodlaundromat.org/resource/"
llont,"http://www.linklion.org/ontology#"
lmf,"http://www.lexinfo.net/lmf#"
lmm1,"http://www.ontologydesignpatterns.org/ont/lmm/LMM_L1.owl#"
lmm2,"http://www.ontologydesignpatterns.org/ont/lmm/LMM_L2.owl#"
locah,"http://data.archiveshub.ac.uk/def/"
location,"http://sw.deri.org/2006/07/location/loc#"
loc,"http://www.w3.org/2007/uwa/context/location.owl#"
locn,"http://www.w3.org/ns/locn#"
locwd,"http://purl.org/locwd/schema#"
lod2,"http://lod2.eu/schema/"
lodac,"http://lod.ac/ns/lodac#"
lode,"http://linkedevents.org/ontology/"
lofv,"http://purl.org/legal_form/vocab#"
log,"http://www.w3.org/2000/10/swap/log#"
lom,"http://ltsc.ieee.org/rdf/lomv1p0/lom#"
lomvoc,"http://ltsc.ieee.org/rdf/lomv1p0/vocabulary#"
loted,"http://loted.eu/ontology#"
lotico,"http://www.lotico.com/resource/"
loticoowl,"http://www.lotico.com/ontology/"
lpeu,"http://purl.org/linkedpolitics/vocabulary/eu/plenary/"
lp,"http://launchpad.net/rdf/launchpad#"
lsc,"http://linkedscience.org/lsc/ns#"
lsd,"http://linkedwidgets.org/statisticaldata/ontology/"
ls,"http://linkedspending.aksw.org/instance/"
lso,"http://linkedspending.aksw.org/ontology/"
lsqv,"http://lsq.aksw.org/vocab#"
lswmo,"http://ontology.cybershare.utep.edu/ELSEWeb/elseweb-modelling.owl#"
lt,"http://diplomski.nelakolundzija.org/LTontology.rdf#"
luc,"http://www.ontotext.com/owlim/lucene#"
ludo,"http://vocab.ox.ac.uk/ludo#"
lu,"http://www.ontologydesignpatterns.org/ont/framenet/abox/lu/"
lv,"http://purl.org/lobid/lv#"
lw,"http://linkedwidgets.org/ontologies/"
lx,"http://purl.org/NET/lx#"
lyou,"http://purl.org/linkingyou/"
mads,"http://www.loc.gov/mads/rdf/v1#"
ma,"http://www.w3.org/ns/ma-ont#"
malignneo,"http://www.agfa.com/w3c/2009/malignantNeoplasm#"
mammal,"http://lod.taxonconcept.org/ontology/p01/Mammalia/index.owl#"
marcrel,"http://id.loc.gov/vocabulary/relators/"
marl,"http://www.gsi.dit.upm.es/ontologies/marl/ns#"
marshall,"http://sites.google.com/site/xgmaitc/"
maso,"http://securitytoolbox.appspot.com/MASO#"
math,"http://www.w3.org/2000/10/swap/math#"
mbgd,"http://mbgd.genome.ad.jp/owl/mbgd.owl#"
mb,"http://dbtune.org/musicbrainz/resource/instrument/"
md,"http://www.w3.org/ns/md#"
mds,"http://doc.metalex.eu/id/"
meb,"http://rdf.myexperiment.org/ontologies/base/"
media,"http://purl.org/microformat/hmedia/"
meetup,"http://www.lotico.com/meetup/"
mei,"http://www.music-encoding.org/ns/mei/"
memo,"http://ontologies.smile.deri.ie/2009/02/27/memo#"
metadata,"http://purl.oreilly.com/ns/meta/"
meta,"http://www.openrdf.org/rdf/2009/metadata#"
metalex,"http://www.metalex.eu/schema/1.0#"
meteo,"http://purl.org/ns/meteo#"
mexalgo,"http://mex.aksw.org/mex-algo#"
mexcore,"http://mex.aksw.org/mex-core#"
mexperf,"http://mex.aksw.org/mex-perf#"
mf,"http://www.w3.org/2001/sw/DataAccess/tests/test-manifest#"
mged,"http://mged.sourceforge.net/ontologies/MGEDOntology.owl#"
mico,"http://www.mico-project.eu/ns/platform/1.0/schema#"
mil,"http://rdf.muninn-project.org/ontologies/military#"
mime,"http://purl.org/NET/mediatypes/"
minim,"http://purl.org/minim/minim#"
mit,"http://purl.org/ontology/mo/mit#"
mmd,"http://musicbrainz.org/ns/mmd-1.0#"
mmf,"http://linkedmultimedia.org/sparql-mm/ns/1.0.0/function#"
mmt,"http://linkedmultimedia.org/sparql-mm/functions/temporal#"
moac,"http://observedchange.com/moac/ns#"
moat,"http://moat-project.org/ns#"
moby,"http://www.mygrid.org.uk/mygrid-moby-service#"
mocanal,"http://www.semanticweb.org/asow/ontologies/2013/9/untitled-ontology-36#"
mods,"http://www.loc.gov/mods/v3#"
mohammad,"http://manesht.ir/"
mo,"http://purl.org/ontology/mo/"
money,"http://purl.org/net/rdf-money/"
moo,"http://www.movieontology.org/2009/11/09/movieontology.owl#"
movie,"http://data.linkedmdb.org/resource/movie/"
mpeg7,"http://rhizomik.net/ontologies/2005/03/Mpeg7-2001.owl#"
mp,"http://jicamaro.info/mp#"
ms,"http://purl.org/obo/owl/MS#"
msm,"http://iserve.kmi.open.ac.uk/ns/msm#"
msr,"http://www.telegraphis.net/ontology/measurement/measurement#"
mtecore,"http://purl.org/olia/mte/multext-east.owl#"
mte,"http://nl.ijs.si/ME/owl/"
mtlo,"http://www.ics.forth.gr/isl/MarineTLO/v4/marinetlo.owl#"
mu,"http://www.kanzaki.com/ns/music#"
muldicat,"http://iflastandards.info/ns/muldicat#"
muni,"http://vocab.linkeddata.es/urbanismo-infraestructuras/territorio#"
muo,"http://purl.oclc.org/NET/muo/muo#"
music,"http://musicontology.com/"
muto,"http://purl.org/muto/core#"
mvco,"http://purl.oclc.org/NET/mvco.owl#"
mv,"http://eccenca.com/mobivoc/"
mygrid,"http://www.mygrid.org.uk/ontology#"
my,"http://www.mobile.com/model/"
myprefix,"http://myprefix.org/"
myspace,"http://purl.org/ontology/myspace#"
mysql,"http://web-semantics.org/ns/mysql/"
name,"http://example.org/name#"
namespaces,"https://vg.no/"
nao,"http://www.semanticdesktop.org/ontologies/2007/08/15/nao#"
naval,"http://rdf.muninn-project.org/ontologies/naval#"
navm,"https://w3id.org/navigation_menu#"
ncal,"http://www.semanticdesktop.org/ontologies/2007/04/02/ncal#"
ncbitaxon,"http://purl.org/obo/owl/NCBITaxon#"
ncit,"http://ncicb.nci.nih.gov/xml/owl/EVS/Thesaurus.owl#"
nco,"http://www.semanticdesktop.org/ontologies/2007/03/22/nco#"
ndl,"http://schemas.ogf.org/nml/2013/05/base#"
ne,"http://umbel.org/umbel/ne/"
nerd,"http://nerd.eurecom.fr/ontology#"
net,"http://www.w3.org/2007/uwa/context/network.owl#"
newsevents,"http://www.aifb.uni-karlsruhe.de/WBS/uhe/ontologies#"
nex,"http://www.nexml.org/2009/"
nexif,"http://www.semanticdesktop.org/ontologies/2007/05/10/nexif#"
nfo,"http://www.semanticdesktop.org/ontologies/2007/03/22/nfo#"
nid3,"http://www.semanticdesktop.org/ontologies/2007/05/10/nid3#"
nidm,"http://nidm.nidash.org/"
nie,"http://www.semanticdesktop.org/ontologies/2007/01/19/nie#"
nif,"http://persistence.uni-leipzig.org/nlp2rdf/ontologies/nif-core#"
nmo,"http://www.semanticdesktop.org/ontologies/2007/03/22/nmo#"
nndsr,"http://semanticdiet.com/schema/usda/nndsr/"
nocal,"http://vocab.deri.ie/nocal#"
no,"http://km.aifb.kit.edu/projects/numbers/number#"
npdv,"http://sws.ifi.uio.no/vocab/npd#"
npgd,"http://ns.nature.com/datasets/"
npgg,"http://ns.nature.com/graphs/"
npg,"http://ns.nature.com/terms/"
npgx,"http://ns.nature.com/extensions/"
np,"http://www.nanopub.org/nschema#"
nrl,"http://www.semanticdesktop.org/ontologies/2007/08/15/nrl#"
nsa,"http://multimedialab.elis.ugent.be/organon/ontologies/ninsuna#"
nsl,"http://purl.org/ontology/storyline/"
nsogi,"http://prefix.cc/nsogi:"
ntag,"http://ns.inria.fr/nicetag/2010/09/09/voc#"
nuts,"http://nuts.psi.enakting.org/id/BE335/doc/"
nxp,"http://purl.org/nxp/schema/v1/"
nxs,"http://www.neclimateus.org/"
nyt,"http://data.nytimes.com/"
nytimes,"http://data.nytimes.com/elements/"
oac,"http://www.openannotation.org/ns/"
oad,"http://lod.xdams.org/reload/oad/"
oae,"http://www.ics.forth.gr/isl/oae/core#"
oa,"http://www.w3.org/ns/oa#"
oan,"http://data.lirmm.fr/ontologies/oan/"
oarj,"http://opendepot.org/reference/linked/1.0/"
oat,"http://openlinksw.com/schemas/oat/"
oauth,"http://demiblog.org/vocab/oauth#"
oax,"http://www.w3.org/ns/openannotation/extensions/"
obj,"http://www.openrdf.org/rdf/2009/object#"
oboe,"http://ecoinformatics.org/oboe/oboe.1.0/oboe-core.owl#"
obo,"http://purl.obolibrary.org/obo/"
oboinowl,"http://www.geneontology.org/formats/oboInOwl#"
oboro,"http://obofoundry.org/ro/ro.owl#"
oboso,"http://purl.org/obo/owl/SO#"
obsm,"http://rdf.geospecies.org/methods/observationMethod#"
occult,"http://data.totl.net/occult/"
ocd,"http://dati.camera.it/ocd/"
oc,"http://opencoinage.org/rdf/"
odapp,"http://vocab.deri.ie/odapp#"
odapps,"http://semweb.mmlab.be/ns/odapps#"
odbc,"http://www.openlinksw.com/ontology/odbc#"
odcs,"http://opendata.cz/infrastructure/odcleanstore/"
od,"http://purl.org/twc/vocab/opendap#"
odo,"http://ocean-data.org/schema/"
odpart,"http://www.ontologydesignpatterns.org/cp/owl/participation.owl#"
odp,"http://ontologydesignpatterns.org/"
odrl,"http://www.w3.org/ns/odrl/2/"
odrs,"http://schema.theodi.org/odrs#"
odv,"http://reference.data.gov.uk/def/organogram/"
oecc,"http://www.oegov.org/core/owl/cc#"
oecd,"http://oecd.270a.info/dataset/"
of,"http://owlrep.eu01.aws.af.cm/fridge#"
ofrd,"http://purl.org/opdm/refrigerator#"
ogbd,"http://www.ogbd.fr/2012/ontologie#"
og,"http://opengraphprotocol.org/schema/"
ogorg,"http://opengraph.org/schema/"
ogp,"http://ogp.me/ns#"
oh,"http://semweb.mmlab.be/ns/oh#"
oils,"http://lemon-model.net/oils#"
oj,"http://ontojob.at/"
okg,"http://openknowledgegraph.org/ontology/"
ok,"http://okkam.org/terms#"
okkam,"http://models.okkam.org/ENS-core-vocabulary#"
olac11,"http://www.language-archives.org/OLAC/1.1/"
olac,"http://www.language-archives.org/OLAC/1.0/"
olad,"http://openlad.org/vocab#"
olca,"http://www.lingvoj.org/olca#"
olia,"http://purl.org/olia/olia.owl#"
oliasystem,"http://purl.org/olia/system.owl#"
olo,"http://purl.org/ontology/olo/core#"
omapi,"http://purl.org/omapi/0.2/#"
omc,"http://purl.org/ontomedia/ext/common/bestiary#"
omdoc,"http://omdoc.org/ontology/"
ome,"http://purl.org/ontomedia/core/expression#"
om,"http://opendata.caceres.es/def/ontomunicipio#"
oml,"http://def.seegrid.csiro.au/ontology/om/om-lite#"
omm,"http://purl.org/ontomedia/core/media#"
omnfed,"http://open-multinet.info/ontology/omn-federation#"
omn,"http://open-multinet.info/ontology/omn#"
omnlife,"http://open-multinet.info/ontology/omn-lifecycle#"
omp,"http://purl.org/ontomedia/ext/common/profession#"
omt,"http://purl.org/ontomedia/ext/common/trait#"
omv,"http://omv.ontoware.org/2005/05/ontology#"
onc,"http://www.ics.forth.gr/isl/oncm/core#"
onisep,"http://rdf.onisep.fr/resource/"
onssprel,"http://www.ordnancesurvey.co.uk/ontology/SpatialRelations/v0.2/SpatialRelations.owl#"
ont,"http://purl.org/net/ns/ontology-annot#"
onto,"http://www.ontotext.com/"
ontopic,"http://www.ontologydesignpatterns.org/ont/dul/ontopic.owl#"
ontosec,"http://www.semanticweb.org/ontologies/2008/11/OntologySecurity.owl#"
onyx,"http://www.gsi.dit.upm.es/ontologies/onyx/ns#"
oo,"http://purl.org/openorg/"
opengov,"http://www.w3.org/opengov#"
openlinks,"http://www.openlinksw.com/schemas/virtrdf#"
opensearch,"http://a9.com/-/spec/opensearch/1.1/"
openskos,"http://openskos.org/xmlns#"
oper,"http://sweet.jpl.nasa.gov/2.0/mathOperation.owl#"
op,"http://environment.data.gov.au/def/op#"
oplacl,"http://www.openlinksw.com/ontology/acl#"
oplcb,"http://www.openlinksw.com/schemas/crunchbase#"
oplcert,"http://www.openlinksw.com/schemas/cert#"
oplecrm,"http://www.openlinksw.com/ontology/ecrm#"
opl,"http://openlinksw.com/schema/attribution#"
opllic,"http://www.openlinksw.com/ontology/licenses#"
oplmkt,"http://www.openlinksw.com/ontology/market#"
oplprod,"http://www.openlinksw.com/ontology/products#"
oplres,"http://www.openlinksw.com/ontology/restrictions#"
oplweb,"http://www.openlinksw.com/schemas/oplweb#"
opmo,"http://openprovenance.org/model/opmo#"
opmv,"http://purl.org/net/opmv/ns#"
opmw,"http://www.opmw.org/ontology/"
opo,"http://online-presence.net/opo/ns#"
oprovo,"http://openprovenance.org/ontology#"
ops,"http://vocabularies.bridgedb.org/ops#"
opus,"http://lsdis.cs.uga.edu/projects/semdis/opus#"
opwn,"http://www.ontologyportal.org/WordNet.owl#"
orca,"http://geni-orca.renci.org/owl/topology.owl#"
ordf,"http://purl.org/NET/ordf/"
ore,"http://www.openarchives.org/ore/terms/"
organism,"http://eulersharp.sourceforge.net/2003/03swap/organism#"
organiz,"http://eulersharp.sourceforge.net/2003/03swap/organization#"
orges,"http://datos.gob.es/def/sector-publico/organizacion#"
orgesv2,"http://datos.gob.es/sites/default/files/OntologiaDIR3/orges.owl#"
org,"http://www.w3.org/ns/org#"
origins,"http://origins.link/"
orth,"http://purl.jp/bio/11/orth#"
osag,"http://www.ordnancesurvey.co.uk/ontology/AdministrativeGeography/v2.0/AdministrativeGeography.rdf#"
osgb,"http://data.ordnancesurvey.co.uk/id/"
osgeom,"http://data.ordnancesurvey.co.uk/ontology/geometry/"
os,"http://www.w3.org/2000/10/swap/os#"
oslc,"http://open-services.net/ns/core#"
oslo,"http://purl.org/oslo/ns/localgov#"
osmsemnet,"http://spatial.ucd.ie/2012/08/osmsemnet/"
osn,"http://spatial.ucd.ie/lod/osn/"
osoc,"http://web-semantics.org/ns/opensocial#"
osp,"http://data.lirmm.fr/ontologies/osp#"
ospost,"http://data.ordnancesurvey.co.uk/ontology/postcode/"
osr,"http://dati.senato.it/osr/"
oss,"http://opendata.caceres.es/def/ontosemanasanta#"
ost,"http://w3id.org/ost/ns#"
ostop,"http://www.ordnancesurvey.co.uk/ontology/Topography/v0.1/Topography.owl#"
osukdt,"http://www.ordnancesurvey.co.uk/ontology/Datatypes.owl#"
out,"http://ontologies.hypios.com/out#"
overheid,"http://standaarden.overheid.nl/owms/"
ov,"http://open.vocab.org/terms/"
owl,"http://www.w3.org/2002/07/owl#"
owlim,"http://www.ontotext.com/trree/owlim#"
owlse,"http://www.daml.org/services/owl-s/1.2/generic/Expression.owl#"
owls,"http://www.daml.org/services/owl-s/1.2/Service.owl#"
owltime,"http://www.w3.org/TR/owl-time#"
owsom,"https://onlinesocialmeasures.wordpress.com/"
ox,"http://vocab.ox.ac.uk/projectfunding#"
oxi,"http://omerxi.com/ontologies/core.owl.ttl#"
p20,"http://zbw.eu/beta/p20/vocab/"
p3p,"http://www.w3.org/2002/01/p3prdfv1#"
paia,"http://purl.org/ontology/paia#"
pam,"http://prismstandard.org/namespaces/pam/2.0/"
parl,"http://reference.data.gov.uk/def/parliament/"
part,"http://purl.org/vocab/participation/schema#"
passim,"http://data.lirmm.fr/ontologies/passim#"
pat,"http://purl.org/hpi/patchr#"
pattern,"http://www.essepuntato.it/2008/12/pattern#"
pav,"http://purl.org/pav/"
payment,"http://reference.data.gov.uk/def/payment#"
pbo,"http://purl.org/ontology/pbo/core#"
pccz,"http://purl.org/procurement/public-contracts-czech#"
pc,"http://purl.org/procurement/public-contracts#"
pcit,"http://public-contracts.nexacenter.org/id/propertiesRole/"
pdo,"http://ontologies.smile.deri.ie/pdo#"
penis,"http://penis.to/#"
penn,"http://purl.org/olia/penn.owl#"
person,"http://www.w3.org/ns/person#"
pext,"http://www.ontotext.com/proton/protonext#"
pf,"http://jena.hpl.hp.com/ARQ/property#"
pgterms,"http://www.gutenberg.org/2009/pgterms/"
phdd,"http://rdf-vocabulary.ddialliance.org/phdd#"
phil,"http://philosurfical.open.ac.uk/ontology/philosurfical.owl#"
photoshop,"http://ns.adobe.com/photoshop/1.0/"
phss,"http://ns.poundhill.com/phss/1.0/"
physo,"http://merlin.phys.uni.lodz.pl/onto/physo/physo.owl#"
pic,"http://www.ipaw.info/ns/picaso#"
pid,"http://permid.org/ontology/organization/"
piero,"http://reactionontology.org/piero/"
pim,"http://www.w3.org/ns/pim/space#"
pimo,"http://www.semanticdesktop.org/ontologies/2007/11/01/pimo#"
ping,"http://purl.org/net/pingback/"
pizza,"http://www.co-ode.org/ontologies/pizza/pizza.owl#"
pkgsrc,"http://pkgsrc.co/schema#"
pkm,"http://www.ontotext.com/proton/protonkm#"
pkmn,"http://pokedex.dataincubator.org/pkm/"
place,"http://purl.org/ontology/places/"
places,"http://purl.org/ontology/places#"
play,"http://uriplay.org/spec/ontology/#"
ple,"http://pleiades.stoa.org/places/"
plink,"http://buzzword.org.uk/rdf/personal-link-types#"
plo,"http://purl.org/net/po#"
pml,"http://provenanceweb.org/ns/pml#"
pmlj,"http://inference-web.org/2.0/pml-justification.owl#"
pmlp,"http://inference-web.org/2.0/pml-provenance.owl#"
pmlr,"http://inference-web.org/2.0/pml-relation.owl#"
pmlt,"http://inference-web.org/2.0/pml-trust.owl#"
pmt,"http://tipsy.googlecode.com/svn/trunk/vocab/pmt#"
pna,"http://data.press.net/ontology/asset/"
pnc,"http://data.press.net/ontology/classification/"
pne,"http://data.press.net/ontology/event/"
pni,"http://data.press.net/ontology/identifier/"
pns,"http://data.press.net/ontology/stuff/"
pnt,"http://data.press.net/ontology/tag/"
poder,"http://poderopedia.com/vocab/"
pod,"https://project-open-data.cio.gov/v1.1/schema/#"
po,"http://purl.org/ontology/po/"
pois,"http://purl.oclc.org/POIS/vcblr#"
pol,"http://escience.rpi.edu/ontology/semanteco/2/0/pollution.owl#"
politico,"http://www.rdfabout.com/rdf/schema/politico/"
pom,"http://maven.apache.org/POM/4.0.0#"
posh,"http://poshrdf.org/ns/posh/"
postcode,"http://data.ordnancesurvey.co.uk/id/postcodeunit/"
poste,"http://data.lirmm.fr/ontologies/poste#"
ppo,"http://vocab.deri.ie/ppo#"
pproc,"http://contsem.unizar.es/def/sector-publico/pproc#"
prefix,"http://prefix.cc/"
premis,"http://multimedialab.elis.ugent.be/users/samcoppe/ontologies/Premis/premis.owl#"
prf,"http://www.openmobilealliance.org/tech/profiles/UAPROF/ccppschema-20021212#"
pr,"http://purl.org/ontology/prv/core#"
prism21,"http://prismstandard.org/namespaces/basic/2.1/"
prism,"http://prismstandard.org/namespaces/basic/2.0/"
prissma,"http://ns.inria.fr/prissma/v1#"
prj,"http://purl.org/stuff/project/"
product,"http://purl.org/commerce/product#"
profiling,"http://ontologi.es/profiling#"
prog,"http://purl.org/prog/"
prolog,"http://eulersharp.sourceforge.net/2003/03swap/prolog#"
proms,"http://promsns.org/def/proms#"
pronom,"http://reference.data.gov.uk/technical-registry/"
protegedc,"http://protege.stanford.edu/plugins/owl/dc/protege-dc.owl#"
protege,"http://protege.stanford.edu/system#"
prot,"http://www.proteinontology.info/po.owl#"
protons,"http://proton.semanticweb.org/2005/04/protons#"
provenir,"http://knoesis.wright.edu/provenir/provenir.owl#"
prov,"http://www.w3.org/ns/prov#"
provone,"http://purl.org/provone#"
prv,"http://purl.org/net/provenance/ns#"
prviv,"http://purl.org/net/provenance/integrity#"
prvr,"http://purl.org/ontology/prv/rules#"
prvt,"http://purl.org/net/provenance/types#"
psh,"http://psh.techlib.cz/skos/"
ps,"https://w3id.org/payswarm#"
pso,"http://purl.org/spar/pso/"
psych,"http://purl.org/vocab/psychometric-profile/"
psys,"http://www.ontotext.com/proton/protonsys#"
pto,"http://www.productontology.org/id/"
ptop,"http://www.ontotext.com/proton/protontop#"
ptr,"http://www.w3.org/2009/pointers#"
pubmed,"http://bio2rdf.org/pubmed_vocabulary:"
puc,"http://purl.org/NET/puc#"
puelia,"http://kwijibo.talis.com/vocabs/puelia#"
puml,"http://plantuml.com/ontology#"
push,"http://www.w3.org/2007/uwa/context/push.owl#"
pvcs,"http://purl.org/twc/vocab/pvcs#"
pwo,"http://purl.org/spar/pwo/"
qa,"http://www.mit.jyu.fi/ai/TRUST_Ontologies/QA.owl#"
qb4o,"http://purl.org/olap#"
qb,"http://purl.org/linked-data/cube#"
qdoslf,"http://foaf.qdos.com/lastfm/schema/"
ql,"http://www.w3.org/2004/ql#"
qrl,"http://www.aifb.kit.edu/project/ld-retriever/qrl#"
quak,"http://dev.w3.org/cvsweb/2000/quacken/vocab#"
quantities,"http://eulersharp.sourceforge.net/2003/03swap/quantitiesExtension#"
quantity,"http://qudt.org/schema/quantity#"
qudt,"http://qudt.org/1.1/schema/qudt#"
qu,"http://purl.oclc.org/NET/ssnx/qu/qu#"
quty,"http://www.telegraphis.net/ontology/measurement/quantity#"
qvoc,"http://mlode.nlp2rdf.org/quranvocab#"
r2r,"http://www4.wiwiss.fu-berlin.de/bizer/r2r/"
r2rml,"http://www.w3.org/ns/r2rml#"
r4r,"http://guava.iis.sinica.edu.tw/r4r/"
r4ta,"http://ns.inria.fr/ratio4ta/v1#"
rad,"http://www.w3.org/ns/rad#"
radion,"http://www.w3.org/ns/radion#"
rail,"http://ontologi.es/rail/vocab#"
ramon,"http://rdfdata.eionet.europa.eu/ramon/ontology/"
rating,"http://www.tvblob.com/ratings/#"
raul,"http://vocab.deri.ie/raul#"
rdaa,"http://rdaregistry.info/Elements/a/"
rdabf,"http://rdaregistry.info/termList/bookFormat/"
rdabm,"http://rdaregistry.info/termList/RDABaseMaterial/"
rdacarrier,"http://rdvocab.info/termList/RDACarrierType/"
rdacc,"http://rdaregistry.info/termList/RDAColourContent/"
rdacct,"http://rdaregistry.info/termList/CollTitle/"
rdac,"http://rdaregistry.info/Elements/c/"
rdaco,"http://rdaregistry.info/termList/RDAContentType/"
rdacontent,"http://rdvocab.info/termList/RDAContentType/"
rdact,"http://rdaregistry.info/termList/RDACarrierType/"
rdae,"http://rdaregistry.info/Elements/e/"
rdaemm,"http://rdaregistry.info/termList/emulsionMicro/"
rdafmn,"http://rdaregistry.info/termList/MusNotation/"
rdafnm,"http://rdaregistry.info/termList/FormNoteMus/"
rdafnv,"http://rdaregistry.info/termList/noteForm/"
rdafrbr,"http://rdvocab.info/uri/schema/FRBRentitiesRDA/"
rdafr,"http://rdaregistry.info/termList/frequency/"
rdafs,"http://rdaregistry.info/termList/fontSize/"
rdaftn,"http://rdaregistry.info/termList/TacNotation/"
rdag1,"http://rdvocab.info/Elements/"
rdag2,"http://rdvocab.info/ElementsGr2/"
rdag3,"http://rdvocab.info/ElementsGr3/"
rdagd,"http://rdaregistry.info/termList/gender/"
rdagrp,"http://rdaregistry.info/termList/groovePitch/"
rdagw,"http://rdaregistry.info/termList/grooveWidth/"
rda,"http://www.rdaregistry.info/"
rdai,"http://rdaregistry.info/Elements/i/"
rdamedia,"http://rdvocab.info/termList/RDAMediaType/"
rdam,"http://rdaregistry.info/Elements/m/"
rdami,"http://rdaregistry.info/termList/modeIssue/"
rdamt,"http://rdaregistry.info/termList/RDAMediaType/"
rdapmt,"http://rdaregistry.info/termList/prodTactile/"
rdapo,"http://rdaregistry.info/termList/RDAPolarity/"
rdarel2,"http://metadataregistry.org/uri/schema/RDARelationshipsGR2/"
rdarel,"http://rdvocab.info/RDARelationshipsWEMI/"
rdarm,"http://registry.info/termList/recMedium/"
rdarole,"http://rdvocab.info/roles/"
rdarr,"http://rdaregistry.info/termList/RDAReductionRatio/"
rdasco,"http://rdaregistry.info/termList/soundCont/"
rdasoi,"http://rdaregistry.info/termList/statIdentification/"
rdatc,"http://rdaregistry.info/termList/trackConfig/"
rdatr,"http://rdaregistry.info/termList/typeRec/"
rdau,"http://rdaregistry.info/Elements/u/"
rdaw,"http://rdaregistry.info/Elements/w/"
rdaz,"http://rdaregistry.info/Elements/z/"
rdb,"http://www.dbs.cs.uni-duesseldorf.de/RDF/relational#"
rdf123,"http://rdf123.umbc.edu/ns/"
rdfa,"http://www.w3.org/ns/rdfa#"
rdfdata,"http://rdf.data-vocabulary.org/rdf.xml#"
rdfdf,"http://www.openlinksw.com/virtrdf-data-formats#"
rdfg,"http://www.w3.org/2004/03/trix/rdfg-1/"
rdf,"http://www.w3.org/1999/02/22-rdf-syntax-ns#"
rdfs,"http://www.w3.org/2000/01/rdf-schema#"
rdl,"http://data.posccaesar.org/rdl/"
rdo,"http://purl.org/rdo/ns#"
rec54,"http://www.w3.org/2001/02pd/rec54.rdf#"
rec,"http://purl.org/ontology/rec/core#"
recipe,"http://linkedrecipes.org/schema/"
reco,"http://purl.org/reco#"
reegle,"http://reegle.info/schema#"
refe,"http://orion.tw.rpi.edu/~xgmatwc/refe/"
re,"http://www.w3.org/2000/10/swap/reason#"
rei,"http://www.w3.org/2004/06/rei#"
rel,"http://purl.org/vocab/relationship/"
religion,"http://rdf.muninn-project.org/ontologies/religion#"
remetca,"http://www.purl.org/net/remetca#"
remus,"http://www.semanticweb.org/ontologies/2010/6/Ontology1279614123500.owl#"
rep,"http://www.openrdf.org/config/repository#"
req,"http://purl.org/req/"
resex,"http://resex.rkbexplorer.com/ontologies/resex#"
res,"http://www.w3.org/2005/sparql-results#"
resist,"http://www.rkbexplorer.com/ontologies/resist#"
resource,"http://purl.org/vocab/resourcelist/schema#"
reve,"http://data.eurecom.fr/ontology/reve#"
rev,"http://purl.org/stuff/rev#"
rfd,"http://com.intrinsec//ontology#"
rgml,"http://purl.org/puninj/2001/05/rgml-schema#"
rich,"http://rdf.data-vocabulary.org/"
rif,"http://www.w3.org/2007/rif#"
rlno,"http://rdflivenews.aksw.org/ontology/"
rlnr,"http://rdflivenews.aksw.org/resource/"
rlog,"http://persistence.uni-leipzig.org/nlp2rdf/ontologies/rlog#"
rml,"http://semweb.mmlab.be/ns/rml#"
rmo,"http://eatld.et.tu-dresden.de/rmo#"
rnews,"http://iptc.org/std/rNews/2011-10-07#"
roadmap,"http://mappings.roadmap.org/"
roevo,"http://purl.org/wf4ever/roevo#"
rofch,"http://rdaregistry.info/termList/rofch/"
rofem,"http://rdaregistry.info/termList/rofem/"
rofer,"http://rdaregistry.info/termList/rofer/"
rofet,"http://rdaregistry.info/termList/rofet/"
rofhf,"http://rdaregistry.info/termList/rofhf/"
rofid,"http://rdaregistry.info/termList/rofid/"
rofim,"http://rdaregistry.info/termList/rofim/"
rofin,"http://rdaregistry.info/termList/rofin/"
rofit,"http://rdaregistry.info/termList/rofit/"
rofrm,"http://rdaregistry.info/termList/rofrm/"
rofrr,"http://rdaregistry.info/termList/rofrr/"
rofrt,"http://rdaregistry.info/termList/rofrt/"
rofsf,"http://rdaregistry.info/termList/rofsf/"
rofsm,"http://rdaregistry.info/termList/rofsm/"
ro,"http://purl.org/wf4ever/ro#"
rooms,"http://vocab.deri.ie/rooms#"
roterms,"http://purl.org/wf4ever/roterms#"
rov,"http://www.w3.org/ns/regorg#"
rpubl,"http://rinfo.lagrummet.se/ns/2008/11/rinfo/publ#"
rsa,"http://www.w3.org/ns/auth/rsa#"
rs,"http://spektrum.ctu.cz/ontologies/radio-spectrum#"
rso,"http://www.researchspace.org/ontology/"
rss,"http://purl.org/rss/1.0/"
rssynd,"http://web.resource.org/rss/1.0/modules/syndication/"
ru,"http://purl.org/imbi/ru-meta.owl#"
rulz,"http://purl.org/NET/rulz#"
rut,"http://rdfunit.aksw.org/ns/core#"
rvdata,"http://data.rvdata.us/"
rv,"http://wifo-ravensburg.de/semanticweb.rdf#"
rvl,"http://purl.org/rvl/"
s2s,"http://escience.rpi.edu/ontology/sesf/s2s/4/0/"
s3db,"http://www.s3db.org/core#"
s4ac,"http://ns.inria.fr/s4ac/v2#"
sad,"http://vocab.deri.ie/sad#"
saif,"http://wwwiti.cs.uni-magdeburg.de/~srahman/"
sail,"http://www.openrdf.org/config/sail#"
sakthi,"http://infotech.nitk.ac.in/research-scholars/sakthi-murugan-r/"
sam,"http://def.seegrid.csiro.au/isotc211/iso19156/2011/sampling#"
san,"http://www.irit.fr/recherches/MELODI/ontologies/SAN.owl#"
sao,"http://salt.semanticauthoring.org/ontologies/sao#"
sawsdl,"http://www.w3.org/ns/sawsdl#"
saws,"http://purl.org/saws/ontology#"
saxon,"http://saxon.sf.net/"
sbench,"http://swat.cse.lehigh.edu/onto/univ-bench.owl#"
schema,"http://schema.org/"
sc,"http://purl.org/science/owl/sciencecommons/"
sci,"http://data.scientology.org/ns/"
scip,"http://lod.taxonconcept.org/ontology/sci_people.owl#"
scms,"http://ns.aksw.org/scms/annotations/"
sco,"http://purl.org/ontology/sco#"
scor,"http://purl.org/eis/vocab/scor#"
scoro,"http://purl.org/spar/scoro/"
scot,"http://rdfs.org/scot/ns#"
scovo,"http://purl.org/NET/scovo#"
scowt,"http://purl.org/weso/ontologies/scowt#"
scsv,"http://purl.org/NET/schema-org-csv#"
sct,"http://snomed.info/sct/"
scufl2,"http://ns.taverna.org.uk/2010/scufl2#"
sdgp,"http://stats.data-gov.ie/property/"
sd,"http://www.w3.org/ns/sparql-service-description#"
sdl,"http://purl.org/vocab/riro/sdl#"
sdmx,"http://purl.org/linked-data/sdmx#"
sdmxa,"http://purl.org/linked-data/sdmx/2009/attribute#"
sdmxd,"http://purl.org/linked-data/sdmx/2009/dimension#"
sdshare,"http://www.sdshare.org/2012/extension/"
search,"http://sindice.com/vocab/search#"
seas,"http://purl.org/NET/seas#"
sec,"https://w3id.org/security#"
security,"http://securitytoolbox.appspot.com/securityMain#"
sede,"http://eventography.org/sede/0.1/"
sem,"http://semanticweb.cs.vu.nl/2009/11/sem/"
semio,"http://www.lingvoj.org/semio#"
semtweet,"http://semantictweet.com/"
seq,"http://www.ontologydesignpatterns.org/cp/owl/sequence.owl#"
service,"http://purl.org/ontology/service#"
sesame,"http://www.openrdf.org/schema/sesame#"
ses,"http://lod.taxonconcept.org/ses/"
session,"http://redfoot.net/2005/session#"
set,"http://www.w3.org/2000/10/swap/set#"
sf,"http://www.opengis.net/ont/sf#"
sgv,"http://www.w3.org/TR/SVG/"
shex,"http://www.w3.org/2013/ShEx/ns#"
sh,"http://www.w3.org/ns/shacl#"
shoah,"http://dati.cdec.it/lod/shoah/"
shv,"http://ns.aksw.org/spatialHierarchy/"
shw,"http://paul.staroch.name/thesis/SmartHomeWeather.owl#"
sider,"http://www4.wiwiss.fu-berlin.de/sider/resource/sider/"
sig,"http://purl.org/signature#"
sim,"http://purl.org/ontology/similarity/"
sindice,"http://vocab.sindice.net/"
sioca,"http://rdfs.org/sioc/actions#"
sioc,"http://rdfs.org/sioc/ns#"
siocserv,"http://rdfs.org/sioc/services#"
sioctypes,"http://rdfs.org/sioc/types#"
sio,"http://semanticscience.org/resource/"
sism,"http://purl.oclc.org/NET/sism/0.1/"
site,"http://ns.ontowiki.net/SysOnt/Site/"
sit,"http://www.ontologydesignpatterns.org/cp/owl/situation.owl#"
skip,"http://skipforward.net/skipforward/resource/"
skiresort,"http://www.openlinksw.com/ski_resorts/schema#"
skos08,"http://www.w3.org/2008/05/skos#"
skos,"http://www.w3.org/2004/02/skos/core#"
skosxl,"http://www.w3.org/2008/05/skos-xl#"
sl,"http://www.semanlink.net/2001/00/semanlink-schema#"
smf,"http://topbraid.org/sparqlmotionfunctions#"
smg,"http://ns.cerise-project.nl/energy/def/cim-smartgrid#"
sm,"http://topbraid.org/sparqlmotion#"
smiley,"http://www.smileyontology.com/ns#"
sml,"http://topbraid.org/sparqlmotionlib#"
snarm,"http://rdf.myexperiment.org/ontologies/snarm/"
soap,"http://www.w3.org/2003/05/soap-envelope/"
soc,"http://purl.org/net/hdlipcores/ontology/soc#"
soft,"http://www.w3.org/2007/uwa/context/software.owl#"
so,"http://purl.org/ontology/symbolic-music/"
space,"http://purl.org/net/schemas/space/"
spacerel,"http://data.ordnancesurvey.co.uk/ontology/spatialrelations/"
span,"http://www.ifomis.org/bfo/1.1/span#"
sparql,"http://ontologi.es/sparql#"
spatial,"http://geovocab.org/spatial#"
spc,"http://purl.org/ontomedia/core/space#"
spcm,"http://spi-fm.uca.es/spdef/models/deployment/spcm/1.0#"
spdx,"http://spdx.org/rdf/terms#"
spfood,"http://kmi.open.ac.uk/projects/smartproducts/ontologies/food.owl#"
sp,"http://spinrdf.org/sp#"
spif,"http://spinrdf.org/spif#"
spin,"http://spinrdf.org/spin#"
spl,"http://spinrdf.org/spl#"
sport,"http://www.bbc.co.uk/ontologies/sport/"
spt,"http://spitfire-project.eu/ontology/ns/"
sql,"http://ns.inria.fr/ast/sql#"
sr,"http://www.openrdf.org/config/repository/sail#"
sro,"http://salt.semanticauthoring.org/ontologies/sro#"
sru,"http://www.loc.gov/zing/srw/"
ssn,"http://purl.oclc.org/NET/ssnx/ssn#"
sso,"http://nlp2rdf.lod2.eu/schema/sso/"
ssso,"http://purl.org/ontology/ssso#"
stac,"http://securitytoolbox.appspot.com/stac#"
stanford,"http://purl.org/olia/stanford.owl#"
states,"http://www.w3.org/2005/07/aaa#"
static,"http://vocab-ld.org/vocab/static-ld#"
stats,"http://purl.org/rdfstats/stats#"
status,"http://ontologi.es/status#"
steel,"http://ontorule-project.eu/resources/steel-30#"
st,"http://semweb.mmlab.be/ns/stoptimes#"
stories,"http://purl.org/ontology/stories/"
strdf,"http://strdf.di.uoa.gr/ontology#"
stream,"http://dbpedia.org/ontology/Stream/"
str,"http://nlp2rdf.lod2.eu/schema/string/"
string,"http://www.w3.org/2000/10/swap/string#"
sv,"http://schemas.talis.com/2005/service/schema#"
swanag,"http://purl.org/swan/1.2/agents/"
swanci,"http://purl.org/swan/1.2/citations/"
swanco,"http://purl.org/swan/1.2/swan-commons/"
swande,"http://purl.org/swan/1.2/discourse-elements/"
swandr,"http://purl.org/swan/1.2/discourse-relationships/"
swanpav,"http://purl.org/swan/1.2/pav/"
swanqs,"http://purl.org/swan/1.2/qualifiers/"
swc,"http://data.semanticweb.org/ns/swc/ontology#"
swcomp,"https://github.com/ali1k/ld-reactor/blob/master/vocabulary/index.ttl#"
swh,"http://plugin.org.uk/swh-plugins/"
sw,"http://linkedwidgets.org/statisticalwidget/ontology/"
swid,"http://semanticweb.org/id/"
swivt,"http://semantic-mediawiki.org/swivt/1.0#"
swpatho,"http://swpatho.ag-nbi.de/context/meta.owl#"
swperson,"http://data.semanticweb.org/person/"
swp,"http://www.w3.org/2004/03/trix/swp-2/"
swpm,"http://spi-fm.uca.es/spdef/models/deployment/swpm/1.0#"
swpo,"http://sw-portal.deri.org/ontologies/swportal#"
swrcfe,"http://www.morelab.deusto.es/ontologies/swrcfe#"
swrc,"http://swrc.ontoware.org/ontology#"
swrlb,"http://www.w3.org/2003/11/swrlb#"
swrl,"http://www.w3.org/2003/11/swrl#"
sysont,"http://ns.ontowiki.net/SysOnt/"
tac,"http://ns.bergnet.org/tac/0.1/triple-access-control#"
tadirah,"http://tadirah.dariah.eu/vocab/"
tao,"http://vocab.deri.ie/tao#"
tarot,"http://data.totl.net/tarot/card/"
tavprov,"http://ns.taverna.org.uk/2012/tavernaprov/"
taxo,"http://purl.org/rss/1.0/modules/taxonomy/"
taxon,"http://purl.org/biodiversity/taxon/"
tblcard,"http://www.w3.org/People/Berners-Lee/card#"
tcga,"http://purl.org/tcga/core#"
td5,"http://td5.org/#"
tdb,"http://jena.hpl.hp.com/2008/tdb#"
tddo,"http://databugger.aksw.org/ns/core#"
teach,"http://linkedscience.org/teach/ns#"
te,"http://www.w3.org/2006/time-entry#"
tei,"http://www.tei-c.org/ns/1.0/"
telix,"http://purl.org/telix#"
telmap,"http://purl.org/telmap/"
test2,"http://this.invalid/test2#"
test,"http://test2.example.com/"
tgn,"http://vocab.getty.edu/tgn/"
theatre,"http://purl.org/theatre#"
thors,"http://resource.geosciml.org/ontology/timescale/thors#"
ti,"http://www.ontologydesignpatterns.org/cp/owl/timeinterval.owl#"
time,"http://www.w3.org/2006/time#"
timeline,"http://purl.org/NET/c4dm/timeline.owl#"
tio,"http://purl.org/tio/ns#"
tisc,"http://observedchange.com/tisc/ns#"
tis,"http://www.ontologydesignpatterns.org/cp/owl/timeindexedsituation.owl#"
tix,"http://toptix.com/2010/esro/"
tm,"http://def.seegrid.csiro.au/isotc211/iso19108/2002/temporal#"
tmo,"http://www.semanticdesktop.org/ontologies/2008/05/20/tmo#"
tmpl,"http://purl.org/restdesc/http-template#"
toby,"http://tobyinkster.co.uk/#"
topo,"http://data.ign.fr/def/topo#"
trackback,"http://madskills.com/public/xml/rss/module/trackback/"
traffic,"http://www.sensormeasurement.appspot.com/ont/transport/traffic#"
trait,"http://contextus.net/ontology/ontomedia/ext/common/trait#"
transit,"http://vocab.org/transit/terms/"
transmed,"http://www.w3.org/2001/sw/hcls/ns/transmed/"
travel,"http://www.co-ode.org/roberts/travel.owl#"
tr,"http://www.thomsonreuters.com/"
tripfs2,"http://purl.org/tripfs/2010/06#"
tripfs,"http://purl.org/tripfs/2010/02#"
ttl,"http://www.w3.org/2008/turtle#"
turismo,"http://idi.fundacionctic.org/cruzar/turismo#"
tvc,"http://www.essepuntato.it/2012/04/tvc/"
twaapi,"http://purl.org/twc/vocab/aapi-schema#"
tw,"http://tw.rpi.edu/schema/"
txn,"http://lod.taxonconcept.org/ontology/txn.owl#"
type,"http://info.deepcarbon.net/schema/type#"
tzont,"http://www.w3.org/2006/timezone#"
ub,"http://www.lehigh.edu/~zhp2/2004/0401/univ-bench.owl#"
ubiq,"http://server.ubiqore.com/ubiq/core#"
uby,"http://purl.org/olia/ubyCat.owl#"
uco,"http://purl.org/uco/ns#"
ui,"http://www.w3.org/ns/ui#"
uis,"http://uis.270a.info/dataset/"
ulan,"http://vocab.getty.edu/ulan/"
umbel,"http://umbel.org/umbel#"
umbelrc,"http://umbel.org/umbel/rc/"
um,"http://intelleo.eu/ontologies/user-model/ns/"
uneskos,"http://purl.org/voc/uneskos#"
un,"http://www.w3.org/2007/ont/unit#"
uni,"http://purl.org/weso/uni/uni.html#"
uniprot,"http://purl.uniprot.org/core/"
unit,"http://qudt.org/vocab/unit#"
units,"http://eulersharp.sourceforge.net/2003/03swap/unitsExtension#"
unspsc,"http://ontoview.org/schema/unspsc/1#"
up,"http://users.ugent.be/~tdenies/up/"
uri4uri,"http://uri4uri.net/vocab#"
uri,"http://purl.org/NET/uri#"
urn,"http://fliqz.com/"
user,"http://schemas.talis.com/2005/user/schema#"
usgov,"http://www.rdfabout.com/rdf/schema/usgovt/"
vacseen1,"http://www.semanticweb.org/parthasb/ontologies/2014/6/vacseen1/"
vaem,"http://www.linkedmodel.org/schema/vaem#"
vag,"http://www.essepuntato.it/2013/10/vagueness/"
va,"http://code-research.eu/ontology/visual-analytics#"
valueflows,"https://w3id.org/valueflows/"
vann,"http://purl.org/vocab/vann/"
vapour,"http://vapour.sourceforge.net/vocab.rdf#"
vcard,"http://www.w3.org/2006/vcard/ns#"
vcardx,"http://buzzword.org.uk/rdf/vcardx#"
vdpp,"http://data.lirmm.fr/ontologies/vdpp#"
verb,"http://w3id.org/verb/"
vext,"http://ldf.fi/void-ext#"
vgo,"http://purl.org/net/VideoGameOntology#"
viaf,"http://viaf.org/ontology/1.1/#"
videogame,"http://purl.org/net/vgo#"
video,"http://purl.org/media/video#"
vidont,"http://vidont.org/"
vin,"http://www.w3.org/TR/2003/PR-owl-guide-20031209/wine#"
visit,"http://purl.org/net/vocab/2004/07/visit#"
viskoo,"http://trust.utep.edu/visko/ontology/visko-operator-v3.owl#"
viskov,"http://trust.utep.edu/visko/ontology/visko-view-v3.owl#"
viso,"http://purl.org/viso/"
vitro,"http://vitro.mannlib.cornell.edu/ns/vitro/public#"
vivo,"http://vivoweb.org/ontology/core#"
vmm,"http://spi-fm.uca.es/spdef/models/genericTools/vmm/1.0#"
voaf,"http://purl.org/vocommons/voaf#"
voag,"http://voag.linkedmodel.org/schema/voag#"
vocab,"http://rdf.ontology2.com/vocab#"
vocnet,"http://schema.vocnet.org/"
voidext,"http://rdfs.org/ns/void-ext#"
void,"http://rdfs.org/ns/void#"
voidp,"http://www.enakting.org/provenance/voidp/"
voidwh,"http://www.ics.forth.gr/isl/VoIDWarehouse/VoID_Extension_Schema.owl#"
vote,"http://www.rdfabout.com/rdf/schema/vote/"
vra,"http://simile.mit.edu/2003/10/ontologies/vraCore3#"
vrank,"http://purl.org/voc/vrank#"
vs,"http://www.w3.org/2003/06/sw-vocab-status/ns#"
vso,"http://purl.org/vso/ns#"
vsr,"http://purl.org/twc/vocab/vsr#"
vsto,"http://escience.rpi.edu/ontology/vsto/2/0/vsto.owl#"
vstoi,"http://hadatac.org/ont/vstoi#"
vsw,"http://verticalsearchworks.com/ontology/"
vsws,"http://verticalsearchworks.com/ontology/synset#"
vvo,"http://purl.org/vvo/ns#"
vzm,"http://www.vrijheidzondermaar.nl/resource/"
vzmo,"http://www.vrijheidzondermaar.nl/ontology/"
w3p,"http://prov4j.org/w3p/"
w3po,"http://purl.org/provenance/w3p/w3po#"
wai,"http://purl.org/wai#"
wairole,"http://www.w3.org/2005/01/wai-rdf/GUIRoleTaxonomy#"
wao,"http://webtlab.it.uc3m.es/2010/10/WebAppsOntology#"
wapp,"http://ns.rww.io/wapp#"
water,"http://escience.rpi.edu/ontology/semanteco/2/0/water.owl#"
wbc,"http://worldbank.270a.info/classification/"
wb,"http://data.worldbank.org/"
wbp,"http://worldbank.270a.info/property/"
wdr,"http://www.w3.org/2007/05/powder#"
wdrs,"http://www.w3.org/2007/05/powder-s#"
webbox,"http://webbox.ecs.soton.ac.uk/ns#"
web,"http://www.w3.org/2007/uwa/context/web.owl#"
webservice,"http://www.openlinksw.com/ontology/webservices#"
webtlab,"http://webtlab.it.uc3m.es/"
wf4ever,"http://purl.org/wf4ever/wf4ever#"
wfdesc,"http://purl.org/wf4ever/wfdesc#"
wfm,"http://purl.org/net/wf-motifs#"
wfn,"http://webofcode.org/wfn/"
wfprov,"http://purl.org/wf4ever/wfprov#"
wfs,"http://schemas.opengis.net/wfs/"
wgs,"http://www.w3.org/2003/01/geo/wgs84_pos#"
whisky,"http://vocab.org/whisky/terms/"
who,"http://www.who.int/vocab/ontology#"
whois,"http://www.kanzaki.com/ns/whois#"
wi,"http://purl.org/ontology/wi/core#"
wikidata,"http://www.wikidata.org/entity/"
wiki,"http://en.wikipedia.org/wiki/"
wikimedia,"http://upload.wikimedia.org/wikipedia/commons/f/f6/"
wikim,"http://spi-fm.uca.es/spdef/models/genericTools/wikim/1.0#"
wikipedia,"http://www.systemone.at/2006/03/wikipedia#"
wikterms,"http://wiktionary.dbpedia.org/terms/"
wisski,"http://wiss-ki.eu/"
wkd,"http://schema.wolterskluwer.de/"
wlp,"http://weblab-project.org/core/model/property/processing/"
wm,"http://ns.inria.fr/webmarks#"
wn20,"http://www.w3.org/2006/03/wn/wn20/"
wn20schema,"http://www.w3.org/2006/03/wn/wn20/schema/"
wn30,"http://purl.org/vocabularies/princeton/wn30/"
wn31,"http://wordnet-rdf.princeton.edu/wn31/"
wn,"http://xmlns.com/wordnet/1.6/"
wno,"http://wordnet-rdf.princeton.edu/ontology#"
wnschema,"http://www.cogsci.princeton.edu/~wn/schema/"
wo,"http://purl.org/ontology/wo/"
won,"http://purl.org/webofneeds/model#"
wordmap,"http://purl.org/net/ns/wordmap#"
wordnet,"http://purl.org/vocabularies/princeton/wordnet/schema#"
worldbank,"http://worldbank.270a.info/dataset/"
wot,"http://xmlns.com/wot/0.1/"
wp,"http://vocabularies.wikipathways.org/"
wro,"http://purl.org/net/wf4ever/ro#"
wscaim,"http://www.openk.org/wscaim.owl#"
wsl,"http://www.wsmo.org/ns/wsmo-lite#"
wv,"http://vocab.org/waiver/terms/"
xapi,"http://purl.org/xapi/ontology#"
xbrli,"http://www.xbrl.org/2003/instance#"
xch,"http://oanda2rdf.appspot.com/xch/"
xcql,"http://docs.oasis-open.org/ns/search-ws/xcql#"
xen,"http://buzzword.org.uk/rdf/xen#"
xesam,"http://freedesktop.org/standards/xesam/1.0/core#"
xfn,"http://gmpg.org/xfn/11#"
xfnv,"http://vocab.sindice.com/xfn#"
xforms,"http://www.w3.org/2002/xforms/"
xhe,"http://buzzword.org.uk/rdf/xhtml-elements#"
xhtml,"http://www.w3.org/1999/xhtml#"
xhtmlvocab,"http://www.w3.org/1999/xhtml/vocab/"
xhv,"http://www.w3.org/1999/xhtml/vocab#"
xkos,"http://rdf-vocabulary.ddialliance.org/xkos#"
xl,"http://langegger.at/xlwrap/vocab#"
xlime,"http://xlime-project.org/vocab/"
xlink,"http://www.w3.org/1999/xlink/"
xml,"http://www.w3.org/XML/1998/namespace/"
xmp,"http://ns.adobe.com/xap/1.0/"
xrd,"http://docs.oasis-open.org/ns/xri/xrd-1.0#"
xro,"http://purl.org/xro/ns#"
xsd,"http://www.w3.org/2001/XMLSchema#"
xsi,"http://www.w3.org/2001/XMLSchema-instance#"
xsl,"http://www.w3.org/1999/XSL/Transform#"
xslopm,"http://purl.org/net/opmv/types/xslt#"
xt,"http://purl.org/twc/vocab/cross-topix#"
xtypes,"http://purl.org/xtypes/"
yago,"http://yago-knowledge.org/resource/"
ya,"http://blogs.yandex.ru/schema/foaf/"
yoda,"http://purl.org/NET/yoda#"
yo,"http://yovisto.com/"
zbwext,"http://zbw.eu/namespaces/zbw-extensions/"
zem,"http://s.zemanta.com/ns#"
zoology,"http://purl.org/NET/biol/zoology#"
zoomaterms,"http://rdf.ebi.ac.uk/vocabulary/zooma/"
zr,"http://explain.z3950.org/dtd/2.0/"
